name,type,required,status,priority,values,category_ids
"Stanje oglasa",dropdown,1,1,1,"Novo|Korišteno|Oštećeno","2,3,8,7,6,160,223,166,172,181,189,209,271,122,149,9,253,5,11,10,4,12"
"Garancija",dropdown,0,1,2,"Nema|6 mjeseci|12 mjeseci|24 mjeseca|36 mjeseci|Do prodaje","8,7,6,160,223,166,253,10"
"Godište",dropdown,1,1,2,"2026|2025|2024|2023|2022|2021|2020|2019|2018|2017|2016|2015|2014|2013|2012|2011|2010|2009|2008|2007|2006|2005|2004|2003|2002|2001|2000|1999|1998|1997|1996|1995|1994|1993|1992|1991|1990|1980-1989|1970-1979|1960-1969|1950-1959|Prije 1950","13,3429,3439,3693,14,3440,15,16,3432,3435,3436"
"Gorivo",dropdown,1,1,3,"Dizel|Benzin|Plin|Hibrid|Električni|Ostalo","13,3429,3439,3693,14,3440,15,16,3435"
"Kilometraža (km)",number,1,1,4,"","13,3429,3693,14,3440,15,3432"
"Radni sati (h)",number,0,1,4,"","3439,16,3435"
"Kubikaža (ccm)",number,0,1,5,"","13,3429,3439,3693,14,3440,15,16,3435"
"Snaga motora (kW)",number,0,1,6,"","13,3429,3439,3693,14,3440,15,16,3435"
"Snaga motora (KS)",number,0,1,6,"","13,3429,3439,3693,14,3440,15,16,3435"
"Mjenjač",dropdown,1,1,7,"Manuelni|Automatski|Polu-automatski|CVT","13,3429,3693,14,15,3435"
"Pogon",dropdown,0,1,8,"Prednji|Zadnji|Sva četiri","13,3439,3693,14,3440,15,3435"
"Karoserija",dropdown,1,1,2,"Limuzina|Hatchback|Karavan|Monovolumen|Terenac / SUV|Kabriolet|Coupe|Pick-up|Caddy / Dostavno","13"
"Broj vrata",dropdown,0,1,9,"2/3|4/5","13"
"Broj sjedišta",dropdown,0,1,9,"1|2|3|4|5|6|7|8|9|Više od 9","13,3429,15,3432"
"Boja vozila",dropdown,0,1,10,"Bijela|Crna|Siva|Srebrena|Plava|Crvena|Zelena|Smeđa|Žuta|Narandžasta|Zlatna|Ljubičasta|Bordo|Bež|Višebojna","13,3429,3439,3693,14,3440,15,16,3432,1134,3435"
"Vrsta boje",radio,0,1,11,"Obična|Metalik|Mat|Perla efekat","13,14,15"
"Emisioni standard",dropdown,0,1,12,"Euro 6|Euro 5|Euro 4|Euro 3|Euro 2|Euro 1|Nije definisano","13,3429,15,3435"
"Registrovan do",dropdown,0,1,13,"Nije registrovan|Trajno registrovan|01/2026|02/2026|03/2026|04/2026|05/2026|06/2026|07/2026|08/2026|09/2026|10/2026|11/2026|12/2026","13,3429,3693,14,15,3432,3435,3436"
"Porijeklo vozila",radio,1,1,14,"Domaće tablice|Strane tablice|Tek uvezeno","13,3429,3693,14,15,3432,3435,3436"
"Klima uređaj",dropdown,0,1,15,"Bez klime|Manuelna|Automatska|Digitalna dvozonska|Digitalna 3+ zone|Krovna klima","13,3429,15,3432,3439,3435"
"Tip motocikla",dropdown,0,1,2,"Sport / Superbike|Naked|Touring|Chopper / Cruiser|Enduro / Cross|Skuter|Moped|Caffe Racer|Oldtimer|Trike","14"
"Takt motora",radio,0,1,3,"2-taktni|4-taktni|Električni","14,3693,3440,16"
"Vrsta teretnog vozila",dropdown,0,1,2,"Kamion do 3.5t|Kamion preko 3.5t|Kamion do 7.5t|Tegljač|Kombi teretni|Pick-up teretni","15"
"Tip nadogradnje",dropdown,0,1,3,"Sanduk|Kiper|Hladnjača|Cerada|Furgon|Šlep služba|Auto korpa|Dizalica|Cisterna|Mješalica za beton|Šticara|Stočar","15,3436"
"Nosivost (kg)",number,0,1,4,"","15,3436,3435"
"Broj osovina",dropdown,0,1,5,"1|2|3|4|4+","15,3429,3436"
"Vrsta radne mašine",dropdown,0,1,2,"Bager gusjeničar|Bager točkaš|Kombinovirka|Utovarivač|Viljuškar|Buldožer|Valjak|Dizalica/Kran|Greder|Mini bager|Ostalo","3439"
"Vrsta poljoprivredne mašine",dropdown,0,1,2,"Traktor|Kombajn|Motokultivator|Kosačica|Priključna mašina|Sijačica|Prskalica|Balirka","3435"
"Vrsta plovila",dropdown,0,1,2,"Motorni čamac|Gliser|Jahta|Jedrilica|Jet Ski|Gumenjak|Pasara|Kanu/Kajak","16"
"Dužina plovila (m)",number,0,1,3,"","16"
"Vrsta bicikla",dropdown,0,1,2,"MTB - Brdski|Cestovni|Gradski|Električni|Dječiji|BMX|Sklopivi|Trekking","1134"
"Veličina točka",dropdown,0,1,3,"12""|16""|20""|24""|26""|27.5""|28""|29""","1134"
"Veličina rama",dropdown,0,1,4,"XS|S|M|L|XL|XXL|Dječiji","1134"
"Vrsta kočnica",dropdown,0,1,5,"Hidraulični diskovi|Mehanički diskovi|V-Brake|Doboš|Kontra","1134"
"Broj kreveta (Kamper)",dropdown,0,1,3,"2|3|4|5|6+","3432"
"Oprema kampera",checkbox,0,1,4,"Kuhinja|WC / Kupatilo|Tuš kabina|Tenda|Solarni paneli|Grijanje|Klima|Satelitska antena","3432"
"Sigurnosna oprema",checkbox,0,1,16,"ABS|ESP|ASR|Zračni jastuci|Alarm|Centralno zaključavanje|Blokada motora|Zeder/Hudiny/Multilock|Praćenje trake|Senzor mrtvog ugla|Automatsko kočenje","13,15,3429"
"Dodatna oprema",checkbox,0,1,17,"Tempomat|Navigacija|Parking senzori|Rikverc kamera|Kamera 360|Panorama krov|Šiber|Kožna sjedišta|Grijanje sjedišta|Hlađenje sjedišta|Masaža sjedišta|Memorija sjedišta|LED svjetla|Xenon svjetla|Alu felge|Kuka za vuču|Webasto|Komande na volanu|Start-Stop|Head-up display","13,15,3429,3693"
"Stanje guma",dropdown,0,1,18,"Nove|Polovne - Dobre|Polovne - Loše","13,14,15,3693,3435"
"Servisna historija",checkbox,0,1,19,"Servisna knjiga|Prvi vlasnik|Dozvoljen pregled|Garancija na porijeklo|Garancija na kilometražu","13,14,15,3429,3693,3435"
"Tip oglasa",radio,1,1,1,"Prodaja|Najam|Iznajmljivanje","19,20,21,22,23,24,25,26"
"Kvadratura (m2)",number,1,1,2,"","19,20,21,22,23,24,25,26"
"Broj soba",dropdown,1,1,3,"Garsonjera|Jednosoban|Jednoiposoban|Dvosoban|Dvoiposoban|Trosoban|Troiposoban|Četverosoban|Četveroiposoban|Petosoban i veći","19,22,23"
"Sprat",number,0,1,4,"","22"
"Vrsta grijanja",dropdown,0,1,4,"Centralno - Gradsko|Centralno - Plin|Centralno - Struja|Centralno - Pelet/Drva|Struja - Konvektori/Klima|Kamin/Peć|Podno grijanje|Toplotna pumpa|Nema grijanje","19,20,21,22,23,24"
"Vrsta objekta",radio,1,1,6,"Novogradnja|Starogradnja|U izgradnji","19,22"
"Namještenost",radio,0,1,7,"Namješteno|Polunamješteno|Nenamješteno","19,22"
"Visina stropa (m)",number,0,1,4,"","23,27"
"Vrsta zemljišta",radio,1,1,8,"Građevinsko|Poljoprivredno|Industrijsko","21"
"Parking / Garaža",radio,0,1,9,"Da|Ne","19,20,22,23"
"Lift",radio,0,1,10,"Da|Ne","22"
"Prilaz za teretna vozila",radio,0,1,5,"Da|Ne","23,27"
"Godina izgradnje",number,0,1,6,"","19,21,22,23,27"
"Orijentacija",dropdown,0,1,7,"Sjever|Jug|Istok|Zapad|Sjeveroistok|Sjeverozapad|Jugoistok|Jugozapad|Dvostrano|Trostrano","19,21"
"Period iznajmljivanja",radio,0,1,2,"Na dan (Kratkoročno)|Mjesečno (Dugoročno)","19,21,20,24"
"Infrastruktura",checkbox,0,1,6,"Struja|Voda|Kanalizacija|Plin|Telefon|Asfaltni put","21,22,26,27"
"Dodatne prostorije",checkbox,0,1,7,"Balkon|Lođa|Terasa|Blindirana vrata|Interfon|Lift|Klima|Video nadzor|Alarm|Podrum/Ostava|Garaža|Privatni parking|Bazen|Kamin","19,20,21,22,23"
"Dokumentacija",checkbox,0,1,8,"Uknjiženo / ZK|Građevinska dozvola|Upotrebna dozvola|Urbanistička dozvola","19,21,22,23,25,26,27"
"Vrsta kuće",dropdown,0,1,2,"Samostojeća|Duplex|Kuća u nizu|Vila|Stambeno-poslovni","21,22"
"Vrsta poslovnog prostora",dropdown,0,1,2,"Kancelarijski|Maloprodajni|Ugostiteljski|Skladišni|Ordinacija|Kiosk|Industrijska hala","23,27"
"RAM memorija",dropdown,1,1,3,"1GB|2GB|3GB|4GB|6GB|8GB|12GB|16GB|18GB|24GB","77"
"Interna memorija",dropdown,1,1,4,"8GB|16GB|32GB|64GB|128GB|256GB|512GB|1TB|2TB","77"
"Veličina ekrana mobitela",dropdown,1,1,5,"Do 4 inča|4-4.9 inča|5-5.4 inča|5.5-5.9 inča|6-6.4 inča|6.5-6.9 inča|7 inča i više","77"
"Operativni sistem",dropdown,1,1,6,"Android|iOS|HarmonyOS|Windows Phone|KaiOS|Blackberry OS|Ostalo","77"
"Kapacitet baterije",dropdown,0,1,7,"Do 2000mAh|2000-2999mAh|3000-3999mAh|4000-4999mAh|5000-5999mAh|6000mAh+","77"
"Broj kamera",dropdown,0,1,8,"Bez kamere|1|2|3|4|5+","77"
"Glavna kamera",dropdown,0,1,9,"Do 8MP|8-12MP|13-20MP|21-48MP|49-64MP|65-108MP|109MP+","77"
"Prednja kamera",dropdown,0,1,10,"Do 5MP|5-8MP|9-12MP|13-20MP|21-32MP|33MP+","77"
"Boja mobitela",dropdown,0,1,11,"Crna|Bijela|Siva|Srebrena|Zlatna|Ružičasta|Plava|Zelena|Crvena|Ljubičasta|Ostalo","77"
"SIM Slot",radio,0,1,12,"Single SIM|Dual SIM|eSIM","77"
"5G mreža",radio,0,1,13,"Da|Ne","77"
"NFC",radio,0,1,14,"Da|Ne","77"
"Brzo punjenje",radio,0,1,15,"Da|Ne","77"
"Bežično punjenje",radio,0,1,16,"Da|Ne","77"
"Čitač otiska prsta",dropdown,0,1,17,"Nema|Na ekranu|Na zadnjoj strani|Bočni|Prednja strana","77"
"Prepoznavanje lica",radio,0,1,18,"Da|Ne","77"
"Vodootpornost mobitela",dropdown,0,1,19,"Nema|IP52|IP53|IP54|IP67|IP68|IP69","77"
"Stanje ekrana",dropdown,0,1,20,"Bez oštećenja|Sitne ogrebotine|Puknut ekran|Razbijen ekran","77"
"Zdravlje baterije",dropdown,0,1,21,"100%|95-99%|90-94%|85-89%|80-84%|Ispod 80%|Nepoznato","77"
"Kompletan paket",radio,0,1,22,"Da|Ne","77"
"IMEI registrovan",radio,0,1,24,"Da|Ne|Ne znam","77"
"Veličina sata",dropdown,1,1,3,"Do 40mm|40-42mm|43-45mm|46-49mm|50mm+","79"
"OS sata",dropdown,1,1,4,"Wear OS|watchOS|HarmonyOS|Tizen|Fitbit OS|Garmin OS|Amazfit OS|Ostalo","79"
"Materijal kućišta",dropdown,0,1,5,"Aluminijum|Nehrđajući čelik|Titanijum|Plastika|Keramika|Karbon","79"
"Materijal narukvice",dropdown,0,1,6,"Silikon|Guma|Koža|Metal|Najlon|Tkanina","79"
"Tip ekrana sata",dropdown,0,1,7,"AMOLED|OLED|LCD|E-ink|TFT|Retina","79"
"Rezolucija sata",dropdown,0,1,8,"Do 240x240|320x320|360x360|390x390|416x416|454x454|Više od 454x454","79"
"Trajanje baterije sata",dropdown,0,1,10,"Do 1 dan|1-2 dana|3-5 dana|6-10 dana|11-20 dana|Više od 20 dana","79"
"GPS",radio,0,1,11,"Da|Ne","79"
"eSIM podrška",radio,0,1,13,"Da|Ne","79"
"Mjerenje pulsa",radio,0,1,14,"Da|Ne","79"
"SpO2 Kiseonik",radio,0,1,15,"Da|Ne","79"
"EKG",radio,0,1,16,"Da|Ne","79"
"Mjerenje pritiska",radio,0,1,17,"Da|Ne","79"
"Praćenje sna",radio,0,1,18,"Da|Ne","79"
"Vodootpornost sata",dropdown,0,1,19,"Nema|IP67|IP68|3ATM|5ATM|10ATM|20ATM","79"
"Mogućnost poziva",radio,0,1,22,"Da|Ne","79"
"Mogućnost zamjene",radio,1,1,25,"Da|Ne","79"
"Snaga zvučnika",dropdown,1,1,3,"Do 5W|5-10W|10-20W|20-40W|40-60W|60-100W|Preko 100W","2290,2292,2293,2296,2297,2298,2300,2301,2304"
"Bluetooth verzija",dropdown,1,1,4,"4.0|4.1|4.2|5.0|5.1|5.2|5.3","2290,2292,2293,2295,2296,2297,2298,2300,2301,2304,2305"
"Trajanje baterije (h)",dropdown,1,1,5,"Do 5h|5-10h|10-15h|15-20h|20-30h|Preko 30h","2290,2292,2293,2296,2297,2298,2300,2304"
"Vodootpornost zvučnika",dropdown,1,1,7,"Nema|IPX4|IPX5|IPX6|IPX7|IPX8|IP67|IP68","2290,2292,2293,2296,2297,2298,2300,2304"
"Priključci",checkbox,0,1,8,"USB-C|Micro USB|AUX 3.5mm|USB-A|SD kartica|Lightning","2290,2292,2293,2296,2297,2298,2300,2301"
"Broj zvučnika",dropdown,0,1,10,"1|2|3|4|5+","2290,2292,2293,2296,2297,2298,2300,2304"
"Stereo zvuk",radio,1,1,11,"Da|Ne","2290,2292,2293,2296,2297,2298,2300,2304"
"Mikrofon",radio,1,1,12,"Da|Ne","2290,2292,2293,2295,2296,2297,2298,2300,2304,2305"
"TWS funkcija",radio,0,1,14,"Da|Ne","2290,2292,2293,2296,2297,2298,2300,2304"
"Glasovni asistent",checkbox,0,1,15,"Alexa|Google Assistant|Siri|Bixby|Cortana|Nema","2295,2298"
"LED osvjetljenje",radio,0,1,16,"Da|Ne","2296,2297,2298"
"Radio FM",radio,0,1,17,"Da|Ne","2290,2296,2297,2298"
"Powerbank funkcija",radio,0,1,18,"Da|Ne","2296,2297,2298"
"Karaoke mikrofon",radio,0,1,19,"Da|Ne","2296,2297"
"Multiroom podrška",radio,0,1,22,"Da|Ne","2293,2295,2298"
"Audio Kodeci",checkbox,0,1,23,"SBC|AAC|aptX|aptX HD|LDAC|LC3","2290,2292,2293,2296,2297,2298,2300,2304"
"Tip punjača",dropdown,0,1,25,"USB-C|Micro USB|Barrel Jack|Proprietary","2292,2293,2299"
"Broj kanala",dropdown,1,1,3,"2.0|2.1|3.1|5.1|7.1|9.1|11.1|Atmos 5.1.2|Atmos 7.1.4","2235,2239,2243,2247,2248"
"Ukupna snaga (W)",dropdown,1,1,4,"Do 100W|100-200W|200-400W|400-600W|600-1000W|Preko 1000W","2235,2240,2243,2247,2248,2250"
"Dolby Atmos",radio,1,1,5,"Da|Ne","2235,2239,2243,2248"
"DTS:X",radio,0,1,6,"Da|Ne","2235,2239,2243,2248"
"4K passthrough",radio,0,1,7,"Da|Ne","2235,2243"
"HDR podrška",checkbox,0,1,9,"HDR10|HDR10+|Dolby Vision|HLG","2235,2243"
"HDMI ulazi",dropdown,0,1,10,"1|2|3|4|5|6|7+","2235,2243"
"HDMI ARC/eARC",radio,0,1,11,"Da|Ne","2235,2243,2248"
"Bluetooth",radio,1,1,12,"Da|Ne","2235,2236,2237,2238,2239,2240,2243,2244,2246,2247,2248,2250"
"WiFi",radio,0,1,13,"Da|Ne","2235,2243,2244,2248"
"Airplay",radio,0,1,14,"Da|Ne","2235,2243,2244,2248"
"Chromecast",radio,0,1,15,"Da|Ne","2235,2243,2244,2248"
"Snaga subwoofera",dropdown,0,1,16,"Do 100W|100-200W|200-300W|300-500W|Preko 500W","2247,2248,2250"
"Veličina subwoofera",dropdown,0,1,17,"6.5 inča|8 inča|10 inča|12 inča|15 inča|18 inča","2247,2248,2250"
"Aktivni/Pasivni sub",radio,1,1,18,"Aktivni|Pasivni","2250"
"Tip zvučnika",dropdown,1,1,19,"Bookshelf|Floorstanding|Soundbar|Sateliti|Ugradbeni zidni|Ugradbeni stropni","2237,2238,2239,2246,2247,2251,2252"
"Impedansa",dropdown,0,1,20,"4 Ohm|6 Ohm|8 Ohm|16 Ohm","2237,2238,2239,2246,2247,2251"
"RMS snaga",dropdown,0,1,23,"Do 50W|50-100W|100-150W|150-200W|200-300W|Preko 300W","2237,2238,2239,2246,2247"
"Bežični subwoofer",radio,0,1,26,"Da|Ne","2248"
"Bežični zadnji zvučnici",radio,0,1,27,"Da|Ne","2248"
"Potreban receiver",radio,0,1,30,"Da|Ne","2237,2238,2239,2246,2247,2251"
"Tip montaže",dropdown,0,1,31,"Podna|Zidna|Stropna|Regal/Polica","2237,2238,2239,2246,2247,2249,2251"
"TV OS",dropdown,1,1,3,"Android TV|Google TV|Fire OS|Roku OS|webOS|Tizen|tvOS|Linux|Ostalo","63,1940,1941,1942,1943,1945,1946,1947,1949,1950,1951"
"TV Procesor",dropdown,0,1,4,"Single core|Dual core|Quad core|Hexa core|Octa core","63,1940,1941,1942,1945,1946,1947,1949,1950"
"TV RAM",dropdown,1,1,5,"512MB|1GB|2GB|3GB|4GB|6GB|8GB|16GB","63,1940,1941,1942,1945,1946,1947,1949,1950"
"TV Interna memorija",dropdown,1,1,6,"4GB|8GB|16GB|32GB|64GB|128GB|256GB","63,1940,1941,1942,1945,1946,1947,1949,1950"
"TV Rezolucija",dropdown,1,1,7,"Full HD 1080p|4K Ultra HD|8K Ultra HD","63,1940,1941,1942,1945,1946,1947,1948,1949,1950,1953"
"HDR Podrška",checkbox,0,1,8,"HDR10|HDR10+|Dolby Vision|HLG","63,1940,1941,1942,1945,1946,1947,1950"
"TV Dolby Atmos",radio,0,1,9,"Da|Ne","63,1940,1941,1942,1945,1946,1947,1950"
"TV WiFi",dropdown,1,1,11,"WiFi 4|WiFi 5|WiFi 6|WiFi 6E","63,1940,1941,1942,1945,1946,1947,1949,1950"
"TV Bluetooth",dropdown,0,1,12,"Nema|4.0|4.2|5.0|5.1|5.2","63,1940,1941,1942,1945,1946,1947,1950"
"TV Ethernet",radio,1,1,13,"Da|Ne","63,1940,1941,1942,1946,1947,1949,1950"
"Broj USB portova",dropdown,0,1,14,"Nema|1|2|3|4+","63,1941,1942,1946,1947,1949,1950"
"Broj HDMI portova",dropdown,1,1,15,"1|2|3","63,1940,1941,1942,1946,1947,1949,1950"
"HDMI verzija",dropdown,0,1,16,"1.4|2.0|2.1","63,1940,1941,1942,1945,1946,1947,1950"
"Optički izlaz",radio,0,1,17,"Da|Ne","63,1941,1942,1946,1947,1950"
"SD kartica slot",radio,0,1,18,"Da|Ne","63,1941,1942,1946,1947,1949,1950"
"TV Glasovni asistent",checkbox,0,1,19,"Google Assistant|Alexa|Siri|Nema","63,1940,1941,1942,1945,1946,1947,1950,1952"
"Daljinski upravljač",dropdown,1,1,20,"Standardni IR|Bluetooth|Glasovni|AirMouse|Nema","63,1940,1941,1942,1945,1946,1947,1948,1950,1952"
"Streaming servisi",checkbox,0,1,21,"Netflix|Amazon Prime|Disney+|HBO Max|YouTube|Apple TV+","63,1940,1941,1942,1945,1946,1947,1948"
"IPTV podrška",radio,0,1,22,"Da|Ne","63,1941,1942,1947,1949"
"Google Play Store",radio,0,1,24,"Da|Ne","63,1941,1942,1945,1946"
"Snaga motora romobil",dropdown,1,1,3,"Do 250W|250-350W|350-500W|500-800W|800-1200W|1200-2000W|Preko 2000W","2015,2016,2017,2018,2020,2024"
"Kapacitet baterije (Ah)",dropdown,1,1,4,"Do 5Ah|5-7.5Ah|7.5-10Ah|10-15Ah|15-20Ah|20-30Ah|Preko 30Ah","2014,2015,2016,2017,2018,2020"
"Napon baterije",dropdown,0,1,5,"24V|36V|48V|52V|60V|72V","2014,2015,2016,2017,2018,2020"
"Domet romobila",dropdown,1,1,6,"Do 15km|15-25km|25-35km|35-50km|50-70km|70-100km|Preko 100km","2015,2016,2017,2018,2020"
"Maks brzina romobila",dropdown,1,1,7,"Do 15km/h|15-25km/h|25-35km/h|35-45km/h|45-60km/h|Preko 60km/h","2015,2016,2017,2018,2020"
"Nosivost romobila",dropdown,1,1,8,"Do 80kg|80-100kg|100-120kg|120-150kg|Preko 150kg","2015,2016,2017,2018,2020"
"Veličina točkova",dropdown,1,1,9,"4-6 inča|6.5-8.5 inča|8.5-10 inča|10-12 inča|12-16 inča|Preko 16 inča","2015,2016,2017,2018,2020"
"Tip guma",dropdown,0,1,10,"Pune gume|Pneumatske|Gel|Saće struktura","2015,2016,2017,2018,2019,2020"
"Amortizeri",dropdown,0,1,11,"Nema|Prednji|Zadnji|Prednji i zadnji","2015,2016,2017,2018,2020"
"Kočnice",dropdown,1,1,12,"Elektronske|Disk|Bubanj|Nožne|Kombinovane","2015,2016,2017,2018,2020,2022"
"Sjedalo",radio,0,1,13,"Da|Ne","2015,2016,2020,2029"
"Sklopiv",radio,1,1,14,"Da|Ne","2015,2016,2017,2020"
"Display romobil",radio,0,1,15,"Da|Ne","2015,2016,2017,2018,2020"
"Aplikacija",radio,0,1,17,"Da|Ne","2015,2016,2017,2018,2020"
"Vodootpornost romobil",dropdown,0,1,18,"Nema|IP54|IP55|IP65|IP67|IP68","2015,2016,2017,2018,2020"
"Broj motora",radio,0,1,19,"1 motor|2 motora","2015,2016,2017,2018,2020"
"Pogon romobil",dropdown,0,1,20,"Prednji|Zadnji|4x4","2015,2016,2017,2018,2020"
"Vrijeme punjenja",dropdown,0,1,21,"Do 2h|2-4h|4-6h|6-8h|8-10h|Preko 10h","2014,2015,2016,2017,2018,2020,2026"
"Tip uređaja vape",dropdown,1,1,3,"Pod sistem|Mod box|Pen|Mehanički mod|Grijač duhana|Jednokratna","2001,2002,2004,2005,2006,2010"
"Kapacitet rezervoara vape",dropdown,0,1,6,"Do 2ml|2-3ml|3-5ml|5-8ml|Preko 8ml","2001,2002,2006,2009"
"Otpor grijača",dropdown,0,1,7,"Sub-ohm (ispod 1Ω)|1-1.5Ω|1.5-2Ω|Preko 2Ω","2003,2009"
"Tip punjenja",dropdown,0,1,8,"Micro USB|USB-C|Bežično|Eksterni punjač","2001,2002,2004,2006,2008,2010"
"Airflow kontrola",radio,0,1,10,"Da|Ne","2001,2002,2006,2009"
"Materijal tijela",dropdown,0,1,11,"Plastika|Aluminijum|Nehrđajući čelik|Cink legura|Kombinovano","2001,2002,2006,2010"
"Tip grijača",dropdown,0,1,13,"Kanthal|Ni80|SS316|Ti|Ni200|Mesh","2003,2009"
"Zamjenljive glave",radio,0,1,18,"Da|Ne","2001,2002,2009"
"Broj povlačenja",dropdown,0,1,19,"Do 600|600-1500|1500-3000|3000-5000|5000-8000|Preko 8000","2005"
"Nikotinska jačina",dropdown,0,1,20,"0mg|3mg|6mg|9mg|12mg|18mg|20mg","1999"
"Tip baterije",dropdown,1,1,3,"Li-ion|Li-Po|Ni-MH|Ni-Cd|Alkalna|Litijumska|Olovni akumulator|LiFePO4","2033,2034,2035,2036,2037,2040,2041,2042,2043,2044,2045"
"Napon baterije",dropdown,0,1,4,"1.2V|1.5V|3V|3.7V|6V|9V|12V|24V|48V","2033,2034,2035,2036,2037,2038,2039,2040,2041,2042,2043,2044,2045"
"Veličina baterije",dropdown,1,1,6,"AAA|AA|C|D|9V|CR2032|18650|21700|26650","2033,2034,2037,2038,2039,2041,2042,2044"
"Punjiva",radio,1,1,7,"Da|Ne","2033,2034,2035,2037,2038,2039"
"Broj slotova punjača",dropdown,1,1,8,"1|2|4|6|8","2046,2047,2048,2049"
"Kompatibilne baterije",checkbox,1,1,9,"AAA|AA|C|D|9V|18650|21700|26650","2046,2047,2048,2049"
"Struja punjenja",dropdown,0,1,10,"Do 500mA|500-1000mA|1000-2000mA|2000-3000mA|Preko 3000mA","2046,2047,2048,2049"
"LCD/LED ekran",radio,0,1,11,"Da|Ne","2040,2046,2047,2048,2049"
"USB izlaz",radio,0,1,13,"Da|Ne","2040,2046,2048,2049"
"Ulazi",checkbox,0,1,14,"USB-A|USB-C|Micro USB|Lightning|DC","2040,2046,2047,2048,2049,2050"
"Izlazi",checkbox,0,1,15,"USB-A|USB-C|DC|Bežično punjenje","2040,2046,2048,2049"
"Solarna snaga",dropdown,0,1,16,"Do 5W|5-10W|10-20W|20-50W|Preko 50W","2050"
"Maksimalna izlazna snaga",dropdown,0,1,18,"Do 10W|10-18W|18-30W|30-65W|65-100W|Preko 100W","2040"
"Tip VR uređaja",dropdown,1,1,2,"Samostalni|PC VR|Konzola VR|Smartphone VR","48,2208,2212,2215,2216"
"Rezolucija VR",dropdown,1,1,3,"Do 1080p|1440x1440|1600x1440|1832x1920|2160x2160|2448x2448|Preko 2448x2448","48,2208,2212,2215,2216"
"Refresh rate VR",dropdown,1,1,4,"60Hz|72Hz|80Hz|90Hz|120Hz|144Hz","48,2208,2212,2215,2216"
"Field of view (FOV)",dropdown,0,1,5,"Do 90°|90-100°|100-110°|110-120°|Preko 120°","48,2208,2212,2215,2216"
"Tip ekrana VR",dropdown,0,1,6,"LCD|OLED|AMOLED|Mini LED","48,2208,2212,2215,2216"
"Procesor VR",dropdown,0,1,7,"Snapdragon XR1|Snapdragon XR2|Snapdragon XR2+|PC povezan","48,2212"
"RAM VR",dropdown,0,1,8,"4GB|6GB|8GB|12GB|16GB","48,2212"
"Interna memorija VR",dropdown,0,1,9,"64GB|128GB|256GB|512GB","48,2212"
"Tracking sistem",dropdown,1,1,10,"3DOF|6DOF Inside-out|6DOF Outside-in|Mixed tracking","48,2208,2212"
"Hand tracking",radio,0,1,11,"Da|Ne","48,2208,2212"
"Eye tracking",radio,0,1,12,"Da|Ne","48,2208,2212"
"IPD podešavanje",dropdown,0,1,13,"Fiksno|Softversko|Mehaničko|Hibridno","48,2208,2212,2215,2216"
"Audio VR",dropdown,1,1,14,"Integrisani zvučnici|3.5mm jack|USB-C audio|Spatial audio","48,2208,2212,2215,2216"
"Mikrofon",radio,1,1,15,"Da|Ne","48,2208,2212,2215,2216"
"Kontroleri uključeni",radio,1,1,16,"Da|Ne","48,2204,2208,2212"
"Passthrough funkcija",radio,0,1,24,"Da|Ne","48,2208,2212"
"Proširenje memorije",dropdown,0,1,3,"Nema|MicroSD do 32GB|MicroSD do 64GB|MicroSD do 128GB|MicroSD do 256GB|MicroSD do 512GB","44,2275,2279,2280,2284"
"Audio formati",checkbox,0,1,8,"MP3|WAV|FLAC|AAC|WMA|APE|OGG|DSD","44,2275,2276,2277,2279,2280,2284"
"Video formati",checkbox,0,1,9,"MP4|AVI|MKV|WMV|MOV|FLV","44,2276,2277,2280"
"Hi-Res Audio sertifikat",radio,0,1,15,"Da|Ne","44,2275"
"USB tip",dropdown,0,1,16,"Micro USB|USB-C|Lightning|30-pin|Mini USB","44,2270,2272,2275,2276,2277,2278,2279,2280,2284"
"Clip za pričvršćivanje",radio,0,1,18,"Da|Ne","44,2276,2279,2284"
"Kontrole na dodir",radio,0,1,19,"Da|Ne","44,2275,2276,2277,2279,2280"
"Tip telefona",dropdown,1,1,2,"Bežični DECT|Žični analogni|VoIP/SIP|GSM stolni","57,2054,2057,2059,2060,2061,2066"
"Broj slušalica",dropdown,0,1,3,"1|2|3|4|5+","2054"
"Domet telefona",dropdown,0,1,4,"Do 50m|50-100m|100-300m|300-500m|Preko 500m","2054,2065"
"Ekran na telefonu",radio,0,1,5,"Da|Ne","2054,2057,2060,2061,2066"
"Imenik",dropdown,0,1,7,"Nema|Do 50 kontakata|50-100|100-200|200-500|Preko 500","2054,2057,2060,2061,2066"
"Intercom funkcija",radio,0,1,8,"Da|Ne","2054,2058,2060"
"Hands-free",radio,0,1,10,"Da|Ne","2054,2057,2060,2061,2063,2066,2067"
"Broj linija",dropdown,1,1,11,"1|2|4|8|16+","2055,2060,2061,2066"
"PoE napajanje",radio,0,1,12,"Da|Ne","2060,2061"
"HD glas",radio,0,1,13,"Da|Ne","2054,2060,2061"
"Video pozivi",radio,0,1,14,"Da|Ne","2060,2061"
"Tip interfona",dropdown,1,1,16,"Audio|Video|IP|GSM","2058"
"Frekvencija",dropdown,0,1,18,"VHF (136-174MHz)|UHF (400-470MHz)|Dual band","2065"
"Broj kanala",dropdown,0,1,19,"Do 16|16-50|50-128|128-256|Više od 256","2065"
"Snaga predajnika",dropdown,0,1,20,"Do 1W|1-2W|2-5W|5-10W|Preko 10W","2065"
"Licenca potrebna",radio,0,1,21,"Da|Ne","2065"
"VOX funkcija",radio,0,1,22,"Da|Ne","2065,2067"
"Poništavanje buke",radio,0,1,23,"Da|Ne","2060,2061,2063,2067"
"Snaga panela (W)",dropdown,1,1,2,"Do 100W|100-200W|200-300W|300-400W|400-500W|500-600W|Preko 600W","2111,2112,2121,2123"
"Efikasnost",dropdown,0,1,3,"Do 15%|15-18%|18-20%|20-22%|Preko 22%","2111,2112,2123"
"Tip ćelija",dropdown,1,1,4,"Monokristalni|Polikristalni|Thin-film|Bifacial","2111,2112"
"Napon panela",dropdown,0,1,5,"12V|24V|36V|48V","2111,2112,2121,2123"
"Snaga invertera",dropdown,1,1,7,"Do 1kW|1-3kW|3-5kW|5-10kW|10-20kW|Preko 20kW","2113,2114"
"Tip invertera",dropdown,1,1,8,"Off-Grid|On-Grid|Hibridni","2113,2114"
"Broj faza",radio,1,1,9,"Jednofazni|Trofazni","2113,2114"
"Maksimalni MPPT ulaz",dropdown,0,1,10,"Do 150V|150-250V|250-450V|450-600V|Preko 600V","2113,2114,2117"
"Efikasnost invertera",dropdown,0,1,11,"Do 94%|94-96%|96-97%|97-98%|Preko 98%","2113,2114"
"WiFi monitoring",radio,0,1,12,"Da|Ne","2113,2114,2117,2120"
"Tip baterije solar",dropdown,1,1,13,"Gel|AGM|Litijum (LiFePO4)|Olovni akumulator","2110"
"Kapacitet baterije",dropdown,1,1,14,"Do 50Ah|50-100Ah|100-200Ah|200-300Ah|Preko 300Ah","2110"
"Napon baterije",dropdown,1,1,15,"12V|24V|48V","2110"
"Dubina pražnjenja",dropdown,0,1,16,"50%|60%|70%|80%|90%|100%","2110"
"Ciklusi punjenja",dropdown,0,1,17,"Do 500|500-1000|1000-2000|2000-4000|4000-6000|Preko 6000","2110"
"Tip kontrolera",dropdown,1,1,18,"PWM|MPPT","2117"
"Maksimalna struja",dropdown,1,1,19,"10A|20A|30A|40A|50A|60A|80A|100A","2117"
"Tip kolektora",dropdown,1,1,20,"Ravni|Vakuumski|Heat pipe","2116"
"Prenosiva snaga",dropdown,1,1,22,"Do 50W|50-100W|100-200W|200-300W|Preko 300W","2121,2126"
"Sklopiv",radio,0,1,23,"Da|Ne","2121,2123,2126"
"USB izlazi",dropdown,0,1,24,"Nema|1 USB|2 USB|3+ USB","2121,2126"
"Težina (kg)",number,0,1,5,"","12,278,280,281,282,2530,2531,2532,2537,2538,2540,2542"
"Tip poklona",dropdown,0,1,7,"Za muškarce|Za žene|Za djecu|Za bebe|Za parove|Za poslovne prilike|Za rođendan|Za vjenčanje|Za godišnjicu|Ostalo","278,2543"
"Materijal izrade",dropdown,0,1,8,"Keramika|Staklo|Drvo|Metal|Plastika|Tekstil|Papir|Kamen|Kombinovano|Ostalo","278,2530,2541,2544,2545"
"Pogodno za",checkbox,0,1,9,"Dnevna soba|Spavaća soba|Kuhinja|Kupatilo|Kancelarija|Vrt|Terasa|Ulaz","278"
"Način preuzimanja",dropdown,1,1,11,"Lično preuzimanje|Dostava o trošku kupca|Besplatna dostava|Dostava poštom","279"
"Veličina kostima",dropdown,1,1,14,"XXS|XS|S|M|L|XL|XXL|XXXL|Jedna veličina|Dječija veličina","280"
"Tip kostima",dropdown,1,1,15,"Za Halloween|Za karneval|Za cosplay|Za pozorište|Za tematske zabave|Za maškare|Poslovni kostim|Film/TV lik|Ostalo","280"
"Pol",radio,0,1,17,"Muško|Žensko|Unisex","280,2543"
"Dobna grupa",dropdown,0,1,18,"Odrasli|Tinejdžeri|Djeca 6-12|Djeca 3-5|Bebe|Svih uzrasta","280,2534,2543"
"Tip sigurnosne opreme",dropdown,1,1,19,"Alarmi i senzori|Video nadzor|Brave i zaključavanje|Sejfovi|Detektori|Špijunska oprema|Zaštitna oprema|Softver|Ostalo","281"
"Napajanje",dropdown,0,1,20,"Baterije|Punjive baterije|Struja 220V|USB|Solarna energija|Bez napajanja","281,282,283,2535,2536"
"Povezivost",checkbox,0,1,21,"Wi-Fi|Bluetooth|4G/5G|Kablovna veza|Bez povezivosti","281"
"Tip zabavne opreme",dropdown,1,1,23,"Igre na otvorenom|Vodene igre|Sportske igre|Društvene igre|Igračke za odrasle|Oprema za kampovanje|Ribolovačka oprema|Oprema za piknik|Ostalo","282"
"Broj igrača",dropdown,0,1,24,"1|2|2-4|4-6|6+|Neograničeno","282,2534,2536"
"Tip opreme za pušače",dropdown,1,1,26,"Upaljači|Pepeljare|Kutije za cigarete|Lule i oprema|Vape oprema|Humidrori|Pribor za održavanje|Ostalo","283"
"Sistem punjenja",dropdown,0,1,28,"Benzin|Gas|Električno|USB|Baterije|Bez punjenja","283"
"Tip pirotehnike",dropdown,1,1,29,"Petarde|Rakete|Rimske svijeće|Fontane|Vatrometi|Dim i dojave|Bengalke|Komplet paketi|Ostalo","277"
"Trajanje efekta",dropdown,0,1,30,"Do 30 sek|30-60 sek|1-3 min|3-5 min|5+ min|Varijabilno","277"
"Nivo buke",dropdown,0,1,32,"Tiho|Umjereno|Glasno|Vrlo glasno","277"
"Sigurnosna oznaka",radio,1,1,33,"Da|Ne","277"
"Period nastanka",dropdown,1,1,35,"Prije 1900.|1900-1920|1920-1940|1940-1960|1960-1980|1980-1990|1990-2000|2000+|Nepoznato","2530"
"Tip antikviteta",dropdown,1,1,36,"Namještaj|Satovi|Posude|Vaze|Umjetnička djela|Nakit|Tekstil|Knjige|Dokumenti|Oruđe|Igračke|Ostalo","2530"
"Autentičnost",radio,1,1,37,"Autentično|Replika|Ne znam","2530,2533"
"Potvrda o autentičnosti",radio,0,1,38,"Da|Ne","2530,2533,2545"
"Tip bizarnog artikla",dropdown,1,1,40,"Neobične igračke|Čudni ukrasi|Ekscentrični predmeti|Rijetkosti|Medijski viralni proizvodi|Kreativni gadgeti|Ostalo","2531"
"Nivo bizarnosti",dropdown,0,1,41,"Blago neobično|Umjereno čudno|Vrlo bizarno|Ekstremno bizarno","2531"
"Tip dijela",dropdown,1,1,43,"Elektronika|Mehanika|Plastični|Metalni|Gumeni|Stakleni|Tekstilni|Drveni|Ostalo","2532"
"Originalni ili zamjenski",radio,1,1,45,"Originalni|Zamjenski|Univerzalni","2532"
"Tip kolekcionarskog predmeta",dropdown,1,1,47,"Poštanske marke|Kovanice|Memorabilije sport|Memorabilije muzika|Memorabilije film|Autografi|Kartice|Medaljice i ordenje|Ostalo","2533"
"Stanje očuvanosti",dropdown,0,1,50,"Perfektno|Odlično|Vrlo dobro|Dobro|Zadovoljavajuće|Slabo","2533,2530,2535"
"Tip kreativnog seta",dropdown,1,1,52,"Bojenje i crtanje|Modeliranje|Šivanje i pletenje|Drvorezbarenje|Skulptura|Mozaik|Nakit|Decoupage|Origami|Ostalo","2534"
"Nivo vještine",dropdown,0,1,53,"Početnik|Srednji|Napredni|Profesionalni|Svi nivoi","2534"
"Uputstva uključena",radio,0,1,54,"Da|Ne","2534,2537"
"Tip muzičkog instrumenta",dropdown,1,1,55,"Gudački|Duvački|Žičani|Udaraljke|Klavijature|Elektronski|Folklorni|DJ oprema|Studijska oprema|Ostalo","2535"
"Priložena futrola",radio,0,1,57,"Da|Ne","2535"
"Tip magioničarske opreme",dropdown,1,1,58,"Kartice i pribor|Kovanice i predmeti|Iluzije i trikovi|Kostimi i rekviziti|Scenski efekti|Knjige i uputstva|Komplet setovi|Zabavna oprema|Ostalo","2536"
"Video tutorial dostupan",radio,0,1,60,"Da|Ne","2536"
"Sertifikati",checkbox,0,1,63,"CE|ISO|FDA|Halal|Organski|Bez GMO|Fair Trade|Nema","2537,2538"
"Tip poljoprivrednog proizvoda",dropdown,1,1,64,"Sjemenke i sadnice|Đubriva|Pesticidi|Stočna hrana|Alati i oprema|Rezervni dijelovi|Organsko|Sirovine|Ostalo","2538"
"Pakovanje",dropdown,0,1,65,"Vreća|Kutija|Kanta|Džak|Rasuto|Ostalo","2538,2542"
"Tip vjerskog predmeta",dropdown,1,1,67,"Knjige i tekstovi|Molitveni predmeti|Ukrasi i simboli|Odjeća|Mirisni predmeti|Svete relikvije|Kalendari|Nakit|Ostalo","2539"
"Religija",dropdown,1,1,68,"Islam|Pravoslavlje|Katoličanstvo|Judaizam|Budizam|Hinduizam|Ostalo|Univerzalno","2539"
"Blagoslovljen",radio,0,1,69,"Da|Ne|Ne znam","2539"
"Tip rekvizita",dropdown,1,1,70,"Kostimi|Maske i šminka|Oružje replika|Namještaj|Dekor|Rasvjeta|Specijalni efekti|Zvučni efekti|Ostalo","2540"
"Tip ručnog rada",dropdown,1,1,73,"Pletenje|Vezenje|Heklanje|Šivenje|Tkanje|Makrame|Keramika|Drvorezbarenje|Ostalo","2541"
"Ručno rađeno",radio,1,1,74,"Da|Ne","2541"
"Personalizacija",radio,0,1,75,"Da|Ne","2541,2543"
"Tip sirovine",dropdown,1,1,77,"Metal|Plastika|Drvo|Guma|Staklo|Tekstil|Koža|Hemikalije|Kompozit|Ostalo","2542"
"Oblik dostave",dropdown,0,1,78,"Ploče|Šipke|Cijevi|Role|Blokovi|Granule|Prah|Tečnost|Ostalo","2542"
"Tip šaljivog artikla",dropdown,1,1,80,"Prank artikli|Humoristični pokloni|Zabavne igračke|Neuobičajeni predmeti|Party artikli|Retro igračke|Ostalo","2543"
"Tip suvenira",dropdown,1,1,81,"Magneti|Otvarači|Šolje|Privjesci|Majice|Šeširi|Nakit|Minijature|Posteri|Ostalo","2544"
"Tip umjetničkog djela",dropdown,1,1,83,"Slika - ulje|Slika - akrilik|Slika - akvarel|Digitalna slika|Skulptura|Crtež|Fotografija|Grafika|Instalacija|Mješovita tehnika|Ostalo","2545"
"Potpisano",radio,0,1,86,"Da|Ne","2545"
"Uramljeno",radio,0,1,87,"Da|Ne","2545"
"Stil umjetnosti",dropdown,0,1,89,"Realizam|Apstrakcija|Impresionizam|Modernizam|Klasicizam|Suvremeno|Naivno|Ekspresionizam|Ostalo","2545"
"Vrsta životinje",dropdown,1,1,3,"Govedo|Krava|Bik|Tele|Junac|Junica","697"
"Spol",radio,1,1,5,"Muško|Žensko","697,698,699,700,701,702,704,705,706,707,709,710"
"Zdravstveno stanje",dropdown,1,1,8,"Odlično|Dobro|Zadovoljavajuće|Bolesno","697,698,699,700,701,702,704,705,706,707,708,709,710"
"Vakcinacija",radio,1,1,9,"Da|Ne|Djelimično","697,698,699,700,701,702,704,705,706,707,709,710"
"Veterinarski pregled",radio,0,1,10,"Da|Ne","697,698,699,700,701,702,704,705,706,707,708,709,710"
"Dokumentacija",checkbox,0,1,11,"Rodovnik|Veterinarski karton|Pasoš|Certifikat o porijeklu|Čipovan|Nema dokumentacije","697,698,699,700,701,702,704,705,706,710"
"Namjena",dropdown,0,1,12,"Uzgoj|Rasplod|Proizvodnja mlijeka|Proizvodnja mesa|Radne svrhe|Kućni ljubimac|Ostalo","697,698,699,700,701,702,704"
"Gravidna",radio,0,1,15,"Da|Ne|Ne znam","697,698,699,700,701"
"Tip goveda",dropdown,0,1,16,"Mliječno|Mesno|Kombinirano","697"
"Vrsta ovca/koza",dropdown,1,1,17,"Ovca|Ovan|Janje|Koza|Jarac|Jarić","698"
"Vrsta vune",dropdown,0,1,18,"Fina|Polu-fina|Gruba|Bez vune","698"
"Vrsta konja/magarca",dropdown,1,1,20,"Konj|Kobila|Ždrijebe|Magarac|Mazga|Mula","699"
"Obučenost",dropdown,0,1,23,"Neobučen|Osnovna obuka|Napredna obuka|Profesionalno obučen","699,705,2521,2523"
"Temperament",dropdown,0,1,24,"Miran|Živahan|Temperamentan|Agresivan","699,705,706,710"
"Vrsta svinje",dropdown,1,1,25,"Svinja|Neresnica|Vepar|Prase|Nazimče","700"
"Vrsta peradi",dropdown,1,1,26,"Kokoš|Pijetao|Pile|Ćurka|Ćuran|Guska|Gusak|Patka|Patak|Prepelica|Fazani|Ostalo","701"
"Tip jaja",dropdown,0,1,28,"Za konzumaciju|Za valenje|Oba","701"
"Vrsta kunića",dropdown,1,1,29,"Kunić|Kunica|Mladunci","702"
"Kvaliteta krzna",dropdown,0,1,31,"Izvanredna|Odlična|Dobra|Slaba","702"
"Tip košnice",dropdown,0,1,32,"LR košnica|AŽ košnica|Dadant|Top-bar|Warré|Ostalo","703,2519"
"Jačina pčelinjeg društva",dropdown,0,1,34,"Jako|Srednje|Slabo","703"
"Uključuje pčele",radio,1,1,35,"Da|Ne","703"
"Tip matice",dropdown,0,1,36,"Karnika|Italijanka|Krainka|Bukfast|Hibridi|Ostalo","703"
"Tip rasploda",dropdown,1,1,38,"Priplodna grla|Priplodni bikovi|Priplodne kobile|Priplodni ovnovi|Ostalo","704"
"Rodovnik priznat",radio,0,1,40,"Da|Ne","704,705,706"
"Veličina psa",dropdown,1,1,42,"Patuljasta do 5kg|Mala 5-10kg|Srednja 10-25kg|Velika 25-40kg|Džinovska 40+kg","705"
"Prikladan za",checkbox,0,1,43,"Porodicu|Djecu|Stanove|Kuće sa dvorištem|Starije osobe|Prva životinja|Čuvanje|Lov|Sportske aktivnosti","705"
"Socijalizacija",dropdown,0,1,44,"Odlična|Dobra|Treba rad|Slaba","705,706"
"Sterilizovan/Kastriran",radio,0,1,45,"Da|Ne","705,706,710"
"Veličina mačke",dropdown,0,1,46,"Mala do 3kg|Srednja 3-5kg|Velika 5+kg","706"
"Tip dlake mačke",dropdown,0,1,47,"Kratkodlaka|Poluduga dlaka|Dugodlaka|Bez dlake","706"
"Tip ptice",dropdown,1,1,49,"Papagaj|Kanarinci|Zebre|Nimfe|Talasice|Golubovi|Egzotične ptice|Ostalo","707"
"Govornost ptice",radio,0,1,50,"Da|Ne|U treningu","707"
"Tip ribe",dropdown,1,1,51,"Slatkovodne|Morske|Hladno-vodene|Tropske|Goldfish|Koi šarani|Ostalo","708"
"Kompatibilnost riba",dropdown,0,1,53,"Mirne|Oprezno|Agresivna","708,710"
"Tip male životinje",dropdown,1,1,54,"Hrčak|Zamorac|Činčila|Degus|Žerbil|Miš|Pacov|Fretka|Ostalo","709"
"Tip reptila",dropdown,1,1,55,"Kornjača|Gušter|Zmija|Iguana|Gekon|Kameleon|Ostalo","710"
"Otrovnost",radio,1,1,56,"Da|Ne","710"
"Tip adopcije",radio,1,1,59,"Besplatna adopcija|Nadoknada troškova","711"
"Tip hrane",dropdown,1,1,62,"Suha hrana|Vlažna hrana|Poslastice|Dodatci|Sirova hrana|Hipoalergenska|Veterinarska|Ostalo","712"
"Vrsta životinje za hranu",dropdown,1,1,63,"Psi|Mačke|Ptice|Ribe|Reptili|Glodari|Konji|Domaće životinje|Egzotične životinje|Sve životinje","712,2527"
"Dobna grupa hrane",dropdown,0,1,64,"Mladunci|Mladi|Odrasli|Stariji|Sve dobi","712,713,718"
"Bez sastojaka",checkbox,0,1,68,"Žitarice|Gluten|Soja|Vještačke boje|Vještački arome|GMO","712,2527"
"Tip opreme",dropdown,1,1,70,"Ogrlice i povodci|Šal-unjski|Odjeća|Kreveti|Kućice|Ograde|Torbe i rančevi|Ostalo","713"
"Veličina opreme",dropdown,1,1,71,"XS|S|M|L|XL|XXL|Univerzalna","713,714,718"
"Tip transportera",dropdown,1,1,74,"Za pse|Za mačke|Za male životinje|Za ptice|Za reptile|Univerzalni|Za avion|Za auto|Ručni|Sa točkovima","714,2528"
"Ventilacija",radio,0,1,77,"Da|Ne","714,2528"
"Odobren za letenje",radio,0,1,78,"Da|Ne","714,2528"
"Tip akvarijuma",dropdown,1,1,80,"Stakleni|Plastični|Akrilik|Set sa opremom|Samo akvarijum","715"
"Oblik akvarijuma",dropdown,0,1,81,"Pravougaoni|Kockasti|Cilindrični|Panoramski|Ugaoni|Ostalo","715,716"
"Uključeno",checkbox,0,1,82,"Filter|Grijač|Rasvjeta|Dekoracija|Pumpa|Poklopac|Postolje|Ništa","715,2515"
"Tip vode",dropdown,0,1,83,"Slatka voda|Morska voda|Bočata voda|Univerzalno","715,2515"
"Tip terarijuma",dropdown,1,1,85,"Stakleni|Plastični|Mrežasti|Drveni|Set sa opremom|Samo terarijum","716,2524"
"Uključuje terarijum",checkbox,0,1,86,"Grijač|UV lampa|Termometar|Dekoracija|Supstrat|Poklopac|Postolje|Ništa","716,2524"
"Tip klime",dropdown,0,1,87,"Tropska|Pustinjska|Šumska|Umjerena|Univerzalna","716,2524"
"Tip posude",dropdown,1,1,88,"Posuda za hranu|Pojilica|Automatska hranilica|Automatska pojilica|Putna posuda|Dvostruka posuda|Stalak|Ostalo","717,2526"
"Montaža posude",dropdown,0,1,90,"Podna|Zidna|Za kavez|Viseća|Univerzalna","717,2517,2518"
"Materijal posude",dropdown,0,1,91,"Plastika|Nerđajući čelik|Keramika|Staklo|Guma","717"
"Tip igračke",dropdown,1,1,92,"Za pse|Za mačke|Za ptice|Za glodare|Za ribe|Interaktivne|Pametne igračke|Ostalo","718"
"Nivo aktivnosti",dropdown,0,1,93,"Niska|Srednja|Visoka","718"
"Zvučni efekti",radio,0,1,94,"Da|Ne","718"
"Izdržljivost",dropdown,0,1,95,"Za lagano korištenje|Za srednje korištenje|Za intenzivno korištenje|Za agresivne grizače","718"
"Tip proizvoda za njegu",dropdown,1,1,96,"Šampon|Regenerator|Četke i češljevi|Makaze za šišanje|Trimer|Noktoreze|Paste za zube|Četkice za zube|Vlažne maramice|Ostalo","719,2520"
"Za tip životinje",dropdown,1,1,97,"Psi|Mačke|Konji|Ostale životinje|Univerzalno","719"
"Tip kože/dlake",dropdown,0,1,98,"Kratka dlaka|Duga dlaka|Osjetljiva koža|Suha koža|Masna koža|Sve vrste","719"
"Hipoalergeno",radio,0,1,100,"Da|Ne","719"
"Tip opreme akvaristika",dropdown,1,1,102,"Filteri|Pumpe|Grijači|LED rasvjeta|Protočni grijači|CO2 sistemi|UV sterilizatori|Dekoracije|Pozadine|Ostalo","2515"
"Podesiva temperatura",radio,0,1,104,"Da|Ne","2515"
"Tip inkubatora",dropdown,1,1,105,"Za kokošija jaja|Za prepelička|Za ćureća|Za guščja|Za patka|Univerzalni|Profesionalni|Ljubiteljski","2516"
"Automatsko okretanje",radio,0,1,107,"Da|Ne","2516"
"Digitalni displej",radio,0,1,108,"Da|Ne","2516,2520"
"Kontrola vlažnosti",radio,0,1,109,"Da|Ne","2516"
"Tip kaveza glodari",dropdown,1,1,110,"Za hrčke|Za zamorce|Za činčile|Za deguse|Za žerbile|Za pacove|Za miševe|Za fretke|Univerzalni","2517,709"
"Dodatna oprema kavez",checkbox,0,1,113,"Točak|Kućica|Pojilica|Hranilica|Tunel|Merdevine|Ljuljaška|Ništa","2517"
"Tip kaveza za ptice",dropdown,1,1,114,"Za kanarince|Za papagaje|Za talasice|Za nimfe|Volijera|Transportni|Univerzalni","2518"
"Veličina ptice",dropdown,0,1,115,"Male ptice|Srednje ptice|Velike ptice","2518"
"Oprema košnice",dropdown,1,1,118,"Ramovi|Osnove|Maska i odjeća|Pušionica|Medogone|Noževi i viljuške|Matičnjaci|Hranilice|Pojilice|Komplet oprema|Ostalo","2519"
"Materijal ramova",dropdown,0,1,119,"Drvo|Plastika|Kombinovano","2519"
"Zaštitna odjeća",dropdown,0,1,120,"Kombinezon|Jakna|Rukavice|Šešir sa mrežom|Komplet","2519"
"Tip mašine za šišanje",dropdown,1,1,121,"Makaze|Trimer električni|Šivaća mašina konji|Stroj za kupanje|Fen|Komplet oprema","2520"
"Napajanje",dropdown,0,1,122,"Kabl 220V|Punjive baterije|Baterije|Kombinovano","2520,2522"
"Tip opreme dresura",dropdown,1,1,125,"Kliker|Zviždaljke|Ogrlice za dresuru|Mete i prepreke|Agility oprema|Poslastice|Torbe|Ostalo","2521"
"Nivo treninga",dropdown,0,1,126,"Početni|Srednji|Napredni|Profesionalni","2521"
"Tip ograde",dropdown,1,1,127,"Električni pastir|Drvena|Žičana|Plastična|Prenosiva|Komplet|Ostalo","2522"
"Tip opreme konjički",dropdown,1,1,131,"Sedla|Uzde i kantar|Pokrivači|Bandaže|Bič i mamare|Potkovice|Četke i češljevi|Torbe|Ostalo","2523"
"Veličina sedla",dropdown,0,1,132,"Pony|Cob|Full|Extra Full","2523"
"Stil jahanja",radio,0,1,133,"Englesko|Zapadnjačko|Univerzalno","2523"
"Disciplina",dropdown,0,1,134,"Preskakanje|Dresura|Rekreativno|Western|Enduro|Ostalo","2523"
"Tip opreme teraristika",dropdown,1,1,135,"Grijači ploče|Grijači kablovi|UV lampe|Termo regulatori|Vlažilice|Supstrati|Skloništa|Dekoracije|Ostalo","2524"
"UVA/UVB",dropdown,0,1,137,"UVA|UVB|UVA+UVB|Bez UV","2524"
"Vrsta supstrata",dropdown,0,1,138,"Pjesak|Kokosova vlakna|Sphagnum|Kora|Šljunak|Novine|Ostalo","2524"
"Tip dodatka ljubimci",dropdown,1,1,139,"ID tagovi|GPS trekeri|Kamere|Fontane|Aparati za hranu|Protiv lajanja|Gadgeti|Ostalo","2525"
"Povezivost",checkbox,0,1,140,"Wi-Fi|Bluetooth|GPS|Bez povezivosti","2525"
"Tip pribora stoka",dropdown,1,1,142,"Pojilice|Hranilice|Soljanice|Jasle|Korita|Komplet oprema|Ostalo","2526"
"Materijal pribor",dropdown,0,1,143,"Plastika|Metal|Beton|Drvo|Kombinovano","2526"
"Tip egzotične hrane",dropdown,1,1,145,"Insekti|Glodari|Voće/Povrće|Za egzotične ptice|Za primate|Zamrznuta hrana|Ostalo","2527"
"Način čuvanja",dropdown,0,1,146,"Suho mjesto|Frižider|Zamrzivač","2527"
"Tip transportera profi",dropdown,0,1,147,"Za male ljubimce|Za srednje pse|Za velike pse|Za mačke|Za ptice|Za reptile|Za stoku|Univerzalni|Veterinarski|Profesionalni","2528"
"IATA odobren",radio,0,1,148,"Da|Ne|Ne znam","2528"
"Sigurnosna brava",radio,0,1,149,"Da|Ne","2528"
"Točkići",radio,0,1,150,"Da|Ne","2528"
"Tip suplementa",dropdown,1,1,151,"Multivitamini|Kalcijum|Omega masne kiseline|Probiotici|Za zglobove|Za kožu i dlaku|Za digestiju|Za imunitet|Ostalo","2529"
"Oblik suplementa",dropdown,0,1,152,"Tablete|Kapsule|Prah|Tečnost|Paste|Žvakaće tablete","2529"
"Za tip životinje suplement",dropdown,1,1,153,"Psi|Mačke|Konji|Stoka|Ptice|Ostale životinje|Univerzalno","2529"
"Napajanje mašine",dropdown,0,1,9,"Struja 220V|Struja 380V|Benzin|Dizel|Baterije|Plin|Hybrid|Ručno","106,107,108,111,113"
"Tip alata",dropdown,1,1,11,"Bušilice|Brusilice|Testere|Glodalice|Strojevi|Kompresori|Generatori|Aparati za varenje|Agregati|Ostalo","106"
"Tip poljoprivredne opreme",dropdown,1,1,20,"Traktori|Plugovi|Sijačice|Kosačice|Kombajni|Priključci|Prskalice|Balirke|Prikolice|Ostalo","107"
"Tip traktora",dropdown,0,1,22,"Jednoosovinski|Dvoosovinski|Vinogradarski|Univerzalni|Šumski","107"
"Pogon mašine",dropdown,0,1,23,"4x2|4x4|Gusjeničar","107,108"
"Hidraulika",radio,0,1,26,"Da|Ne","107"
"Priključna točka",dropdown,0,1,27,"Kategorija I|Kategorija II|Kategorija III|Univerzalno","107"
"Tip građevinske opreme",dropdown,1,1,28,"Građevinske mašine|Skele i oplate|Alati za zidanje|Alati za betoniranje|Alati za majstorisanje|Mjerni instrumenti|Miješalice|Vibro-ploče|Ostalo","108"
"Tip pogona",dropdown,0,1,31,"Električni|Hidraulički|Pneumatski|Mehanički|Ručni","108,115,116"
"Tip poslovne opreme",dropdown,1,1,33,"Računari i laptop|Štampači i skeneri|Projektori|Serveri|Mrežna oprema|POS sistemi|Telefoni i centrala|Ostalo","109"
"Tip štampe",dropdown,0,1,40,"Laserski|Inkjet|Termalni|Iglični","109"
"Boja štampe",radio,0,1,41,"Boja|Crno-bijelo|Oba","109"
"Konektivnost",checkbox,0,1,42,"Wi-Fi|Ethernet|Bluetooth|USB|NFC","109,119"
"Tip ulja/maziva",dropdown,1,1,43,"Motorna ulja|Hidraulička ulja|Industrijska ulja|Transmisiona ulja|Maziva|Boje za označavanje|Zaštitne boje|Antikorozivna sredstva|Ostalo","110"
"Tip završne obrade",dropdown,0,1,49,"Mat|Sjaj|Polusjaj|Satinato","110"
"Tip aparata",dropdown,1,1,51,"Varilice za foliju|Varilice za PVC|Vakuum mašine|Automatske mašine|Ručne mašine|Kombinovane mašine|Ostalo","111"
"Tip vitrine",dropdown,1,1,56,"Rashladne|Zamrzivači|Toplotne|Neutralne|Kombinovane|Horizontalne|Vertikalne|Ostalo","112"
"Tip hlađenja",dropdown,0,1,60,"Statičko|Ventilatorsko|No Frost","112"
"Rasvjeta",radio,0,1,61,"Da|Ne","112,114,119"
"Tip stakla",dropdown,0,1,62,"Ravno|Zakrivljeno|Klizna vrata|Bez stakla","112"
"Tip grijalice",dropdown,1,1,64,"Električne|Plinske|Dizel topovi|Infracrvene|Radijatori|Konvektori|Ostalo","113"
"Termostat",radio,0,1,67,"Da|Ne","113"
"Pokretnost",radio,0,1,68,"Fiksna|Pokretna","113,119"
"Tip kancelarijskog materijala",dropdown,1,1,69,"Stolovi|Stolice|Ormari|Police|Fotelje|Garniture|Separei|Ostalo","114"
"Materijal namještaja",dropdown,0,1,70,"Drvo|Metal|Plastika|Staklo|Kombinovano","114,115,119"
"Podesivost visine",radio,0,1,72,"Da|Ne","114"
"Ergonomski dizajn",radio,0,1,74,"Da|Ne","114"
"Montaža potrebna",radio,0,1,75,"Da|Ne","114,119"
"Tip dijela industrija",dropdown,1,1,76,"Ležajevi|Zupčanici|Ventili|Pumpe|Cijevi|Gumeni dijelovi|Električni motori|Senzori|Ostalo","115"
"Tip opreme za pakovanje",dropdown,1,1,84,"Stretch folija|Vreće|Kartonske kutije|Ljepljive trake|Zračni jastučići|Podmetači|Etikete|Ostalo","116"
"Transparentna",radio,0,1,89,"Da|Ne","116,118"
"Ljepljivost",dropdown,0,1,90,"Slaba|Srednja|Jaka|Ekstra jaka","116,118"
"Otpornost na kidanje",dropdown,0,1,91,"Niska|Srednja|Visoka","116,118"
"Tip zaštitne opreme",dropdown,1,1,92,"Kacige|Naočale|Rukavice|Obuća|Odjeća|Maske i respiratori|Ostalo","117"
"Veličina zaštitne opreme",dropdown,0,1,93,"XS|S|M|L|XL|XXL|XXXL|Univerzalna","117"
"Certifikati zaštite",checkbox,0,1,96,"CE|EN|ISO|ANSI|OSHA|Nema","117"
"Otpornost na",checkbox,0,1,97,"Udarce|Hemikalije|Toplotu|Vatru|Vodu|Struju|Buku","117"
"Jednokratno/Višekratno",radio,0,1,98,"Jednokratna|Višekratna","117"
"Tip trake",dropdown,1,1,99,"Providna|Braon|Obojene|Dvostrane|Aluminijske|Papirne|Ostalo","118"
"Tip ljepila",dropdown,0,1,100,"Akrilno|Gumeno|Hot-melt|Silikonsko","118"
"Tip trgovačke opreme",dropdown,1,1,102,"Kase i ladice|Police i regali|Stalci i displej|Vitrinski ormarići|Etikete i markeri|Korpe i kolica|Ostalo","119"
"Materijal police",dropdown,0,1,104,"Metal|Drvo|Staklo|Plastika|Kombinovano","119"
"Tip postavljanja",dropdown,0,1,105,"Zidno|Podno|Slobodnostojeće|Ugaono","119"
"Točkići",radio,0,1,106,"Da|Ne","119,120"
"Tip ugostiteljske opreme",dropdown,1,1,107,"Kuhinjska oprema|Štednjaci|Rerne i pećnice|Friteze|Roštilji|Hladnjaci|Stolovi i stolice|Ostalo","120"
"Tip goriva",dropdown,0,1,108,"Električna|Plinska|Drvena|Ugalj|Kombinovano","120"
"Materijal površine",dropdown,0,1,111,"Nerđajući čelik|Emajl|Staklo-keramika|Liveno gvožđe","120"
"Profesionalna namjena",radio,0,1,112,"Da|Ne","120"
"Tip robe ostalo",dropdown,1,1,113,"Ventilatori|Čistači i usisivači|Pumpe|Električni paneli|Kompjuterska oprema|Ostali biznis artikli","121"
"Broj faza",dropdown,0,1,120,"Jednofazno|Trofazno","121"
"Dokumentacija priložena",checkbox,0,1,121,"Uputstvo|Servisna knjižica|Garancija|Certifikat|Atesti|Nema","10,106,107,108,109,111,112,113,115,120"
"Veličina sport",dropdown,0,1,5,"XS|S|M|L|XL|XXL|XXXL|Univerzalna","902,903,904,919,923,924,935,942,946,964"
"Tip rukavica",dropdown,1,1,9,"Boks|MMA|Karate|Taekwondo|Trening|Sparring","902"
"Težina rukavica",dropdown,1,1,10,"8 oz|10 oz|12 oz|14 oz|16 oz|18 oz","902"
"Tip zatvaranja",dropdown,0,1,11,"Čičak|Vrpce|Elastični|Kombinovano","902,903,911,919,923,946,952,962"
"Namjena rukavica",dropdown,0,1,12,"Trening|Takmičenje|Sparring|Vreća","902"
"Tip štitnika",dropdown,1,1,13,"Zubi|Glava|Tijelo|Noge|Ruke|Kaciga|Komplet","903"
"Nivo zaštite",dropdown,0,1,14,"Osnovna|Srednja|Profesionalna","903,911,927,928,963"
"Tip sporta",dropdown,1,1,15,"Karate|Taekwondo|Judo|Jiu-jitsu|Boks|Kickboxing|MMA|Kung fu|Aikido|Ostalo","904,905,906,907,908"
"Veličina kimona",dropdown,1,1,16,"000|00|0|1|2|3|4|5|6|7","904"
"Boja pojasa",dropdown,0,1,17,"Bijeli|Žuti|Narandžasti|Zeleni|Plavi|Smeđi|Crni","904"
"Tip džaka",dropdown,1,1,19,"Viseći|Stojeći|Speedbag|Double-end|Uppercut","905"
"Punjenje džaka",dropdown,0,1,21,"Tekstil|Pijesak|Mješavina|Voda|Zrak","905"
"Montaža uključena",radio,0,1,24,"Da|Ne","905,917"
"Tvrdoća tatamija",dropdown,0,1,27,"Meka|Srednja|Tvrda","906,918"
"Protivklizna površina",radio,0,1,28,"Da|Ne","906,918"
"Tip rekvizita borilački",dropdown,1,1,29,"Dummy|Šape|Štitnici|Ljestve|Skakalice|Ostalo","907"
"Tip skateboarda",dropdown,1,1,30,"Klasični|Longboard|Cruiser|Mini|Električni","909"
"Tip bicikla BMX",dropdown,1,1,35,"Race|Freestyle|Dirt jump|Street|Park|Flatland","910"
"Materijal rama",dropdown,0,1,37,"Aluminij|Čelik|Karbon|Titanijum","910,947,960,961"
"Tip kočnica",dropdown,0,1,40,"V-brake|Disk|Kaliper|U-brake|Bez kočnica","910,947"
"Tip rola",dropdown,1,1,41,"Fitness|Aggressive|Speed|Hockey|Quad","911"
"Veličina rola",dropdown,1,1,42,"28-31|32-35|36-39|40-43|44-47|Podesive","911,962"
"Zaštitna oprema uključena",checkbox,0,1,44,"Kaciga|Štitnici za koljena|Štitnici za laktove|Štitnici za zglobove|Ništa","911"
"Tip opreme za penjanje",dropdown,1,1,45,"Užad|Karabineri|Pojasevi|Kacige|Magnezijum|Cipele|Chalkbag|Quickdraw|Ostalo","912,927"
"Tip padobrana",dropdown,1,1,49,"Tandem|Student|Napredni|Wingsuit|Base jumping|Paraglajder","913"
"Revizija obavljena",radio,0,1,52,"Da|Ne","913"
"Certifikat",radio,0,1,53,"Da|Ne","913,927,928"
"Tip tegova",dropdown,1,1,54,"Bučice|Tegovi za šipku|Ploče|Set|Podesivi","914"
"Materijal tegova",dropdown,0,1,56,"Liveno gvožđe|Guma|Neopren|Čelik|Vinyl","914,915"
"Tip girje",dropdown,1,1,57,"Kettlebell|Podesive|Competition","915"
"Tip trake",dropdown,1,1,58,"Elastične|Resistance bands|Loop bands|Figure 8|Sa ručkama","916"
"Nivo otpora",dropdown,1,1,59,"Extra lagana|Lagana|Srednja|Jaka|Extra jaka","916"
"Tip kardio opreme",dropdown,1,1,61,"Traka za trčanje|Sobni bicikl|Eliptični|Veslač|Stepper|Assault bike|Ski trenažer|Ostalo","917"
"Monitor srca",radio,0,1,64,"Da|Ne","917,919"
"Tip prostirke",dropdown,1,1,67,"Yoga|Fitness|Gimnastička|Pilates","918"
"Tip odjeće sport",dropdown,1,1,68,"Majice|Šorcevi|Helanke|Dukserice|Grudnjaci|Kompleti|Rukavice|Pojasevi","919"
"Tehnologija materijala",checkbox,0,1,69,"Dri-fit|Coolmax|UV zaštita|Antibakterijsko|Kompresija","919,924,935,942,946,952,964"
"Tip suplementa sport",dropdown,1,1,70,"Protein|Kreatin|BCAA|Pre-workout|Vitamini|Gainer|Amino kiseline|Fat burner|Ostalo","920"
"Tip ruksaka",dropdown,1,1,76,"Planinarski|Trekking|Jednodnevni|Tehnički|Ski","922"
"Sistem hidratacije",radio,0,1,77,"Da|Ne","922,947"
"Podesivi kaiševi",radio,0,1,78,"Da|Ne","922,934"
"Vodootporan",radio,0,1,79,"Da|Ne","922,923,924,926,934,945,950,952,954,955"
"Tip obuće planinarenje",dropdown,1,1,80,"Planinarske|Trekking|Trail|Sandale|Zimske","923"
"Visina obuće",dropdown,0,1,81,"Niske|Srednje|Visoke","923"
"Membrana",dropdown,0,1,82,"Gore-Tex|eVent|Vlastita|Bez membrane","923,924,926,964"
"Veličina obuće",dropdown,1,1,84,"36|37|38|39|40|41|42|43|44|45|46|47|48","923,946,962"
"Tip odjeće planinarske",dropdown,1,1,85,"Jakne|Pantalone|Softshell|Midlayer|Termoveš|Rukavice|Kape|Čarape","924,964"
"Izolacija",dropdown,0,1,86,"Perjana|Sintetička|Bez izolacije","924,964"
"Ventilacija",radio,0,1,87,"Da|Ne","924,926,964"
"Tip štapa",dropdown,1,1,88,"Fiksni|Sklopivi|Teleskopski","925"
"Materijal štapa",dropdown,0,1,89,"Aluminij|Karbon|Kompozit","925,960"
"Antishock sistem",radio,0,1,91,"Da|Ne","925"
"Tip šatora",dropdown,1,1,92,"Jednoslojni|Dvoslojni|Troslojni|Tunelski|Kupola|Geodetski","926"
"Sezonalnost",dropdown,0,1,95,"Ljetni|Trosezonski|Četverosezonski|Zimski","926"
"Tip navigacije",dropdown,1,1,96,"GPS|Kompasi|Altimetri|Sat sa GPS-om|Mape|Ostalo","928"
"Vodootpornost navigacije",dropdown,0,1,98,"IPX4|IPX7|IPX8|Nije vodootporan","928,946"
"Tip reketa",dropdown,1,1,99,"Teniski|Squash|Badminton|Stolni tenis","930,932,933"
"Balans reketa",dropdown,0,1,103,"Head heavy|Head light|Balansiran","930"
"Nivo igrača",dropdown,0,1,104,"Početnik|Rekreativac|Napredni|Profesionalac","930,932,933,956"
"Tip lopte",dropdown,1,1,105,"Tenis|Badminton|Stolni tenis|Squash","931"
"Tip mreže",dropdown,0,1,107,"Teniski|Badminton|Odbojkaški|Stonoteniska","931"
"Tip stola",dropdown,1,1,108,"Rekreativni|Takmičarski|Vanjski|Sklopivi","933"
"Tip futrole",dropdown,1,1,111,"Pojedinačna|Dvostruka|Torba|Ruksak","934"
"Termo zaštita",radio,0,1,113,"Da|Ne","934"
"Tip lopte fudbal",dropdown,1,1,114,"Fudbal|Futsal|Trening|Meč","937"
"Veličina lopte",dropdown,1,1,115,"Veličina 3|Veličina 4|Veličina 5","937,938,939,940"
"Tip opreme fudbal",dropdown,0,1,116,"Lopte|Golovi|Mreže|Markeri|Korneri|Štitnici|Rukavice|Cipele|Ostalo","937"
"Tip opreme košarka",dropdown,1,1,117,"Lopte|Koševi|Table|Mreže|Stative|Ostalo","938"
"Materijal lopte",dropdown,0,1,118,"Koža|Sintetička koža|Guma|PU","938,939,940,956"
"Tip opreme rukomet",dropdown,1,1,119,"Lopte|Golovi|Mreže|Ljepilo|Štitnici|Ostalo","939"
"Tip opreme odbojka",dropdown,1,1,120,"Lopte|Mreže|Antene|Stative|Štitnici|Ostalo","940"
"Tip opreme ragbi",dropdown,1,1,121,"Lopte|Štitnici|Kacige|Zaštita|Dresovi|Ostalo","941"
"Veličina dresa",dropdown,1,1,122,"XS|S|M|L|XL|XXL|XXXL","942"
"Tip dresa",dropdown,0,1,123,"Domaći|Gostujući|Trening|Reprezentacija|Timski","942"
"Personalizacija",radio,0,1,126,"Da|Ne","942"
"Tip rekvizita trening",dropdown,1,1,127,"Korneri|Markeri|Čunjevi|Prepreke|Ljestve|Lopte|Krugovi|Ostalo","943"
"Tip šatora kamp",dropdown,1,1,129,"Pop-up|Obiteljski|Kamp prikolica|Hamak|Viseći","945"
"Tip vreće za spavanje",dropdown,0,1,130,"Mumija|Pravougaona|Podvala|Dječja","945"
"Tip opreme trčanje",dropdown,1,1,132,"Cipele|Sat|Odjeća|Pojasevi|Držači|Reflektori|Lampe|Ostalo","946"
"Tip terena",dropdown,0,1,133,"Asfalt|Trail|Staza|Univerzalno","946"
"Tip bicikla oprema",dropdown,1,1,134,"Kacige|Naočale|Rukavice|Svjetla|Brave|Blatobrani|Bidoni|Pumpe|Alati|Ostalo","947"
"LED svjetla",radio,0,1,135,"Da|Ne","947"
"Tip rolanja",dropdown,1,1,136,"Inline|Quad|Električni|Skejt","948"
"Tip opreme piknik",dropdown,1,1,137,"Stolovi i stolice|Korpe|Roštilji|Hladnjaci|Pribor|Deke|Ostalo","949"
"Sklopivo",radio,0,1,138,"Da|Ne","949,950"
"Tip opreme priroda",dropdown,1,1,140,"Ležaljke|Viseće mreže|Suncobrani|Klupe|Roštilji|Vatra|Ostalo","950"
"Tip rekvizita rekreacija",dropdown,1,1,141,"Frizbi|Lopte|Badminton|Bumeranzi|Zmajevi|Bubnjevi|Ostalo","951"
"Tip opreme plivanje",dropdown,1,1,142,"Kupaći kostimi|Naočale|Kape|Daske|Peraje|Dihalice|Ostalo","952"
"UV zaštita",radio,0,1,144,"Da|Ne","952"
"Tip ronilačke opreme",dropdown,1,1,145,"Odijela|Maske|Dihalice|Peraje|Regulatori|BCD|Kompenzatori|Satovi|Ostalo","953"
"Tip odijela ronjenje",dropdown,0,1,147,"Mokro|Suho|Polusuho","953"
"Tip daske veslanje",dropdown,1,1,149,"Surf paddle|Touring|Yoga|Racing|Inflatable|Čvrsta","954"
"Veslo uključeno",radio,0,1,153,"Da|Ne","954,955"
"Pumpa uključena",radio,0,1,154,"Da|Ne","954"
"Tip kajaka",dropdown,1,1,155,"Sit-on-top|Sit-inside|Naduvni|Touring|Whitewater|Ribolovački","955"
"Tip daske surf",dropdown,1,1,157,"Shortboard|Longboard|Funboard|Fish|Gun|Malibu","956"
"Fin setup",dropdown,0,1,160,"Single|Twin|Thruster|Quad|Five fin","956"
"Tip rekvizita plivanje",dropdown,1,1,161,"Daske|Pojasevi|Rukavčići|Prsluci|Igračke|Plutajući rekviziti|Ostalo","957"
"Tip skija",dropdown,1,1,162,"All-mountain|Carving|Freeride|Freestyle|Touring|Race","960"
"Vezovi uključeni",radio,0,1,166,"Da|Ne","960,961"
"Tip snowboarda",dropdown,1,1,167,"All-mountain|Freestyle|Freeride|Splitboard|Powder","961"
"Camber tip",dropdown,0,1,170,"Camber|Rocker|Flat|Hybrid","961"
"Tip klizaljki",dropdown,1,1,171,"Hokejske|Figure skating|Rekreativne|Speed skating|Inline zimske","962"
"Tip sječiva",dropdown,0,1,172,"R oštrica|Flat oštrica|Hybrid","962"
"Podesive klizaljke",radio,0,1,173,"Da|Ne","962"
"Tip naočala",dropdown,1,1,174,"Ski|Snowboard|Sunčane|Korekcijske","963"
"Tip sočiva",dropdown,0,1,175,"Cilindrično|Sferično","963"
"Zamjenljiva sočiva",radio,0,1,177,"Da|Ne","963"
"Tip kacige zimske",dropdown,0,1,178,"Ski|Snowboard|Freestyle","963"
"MIPS tehnologija",radio,0,1,179,"Da|Ne","963"
"Podesivost veličine",radio,0,1,180,"Da|Ne","963"
"Tip rekvizita zimski",dropdown,1,1,181,"Sanke|Bobovi|Lopate|Snjegokazi|Štapovi|Maske|Grijači|Ostalo","965"
"Veličina odjeće",dropdown,1,1,1,"XS|S|M|L|XL|XXL|3XL|4XL","967,1004,1011,1010,1009,1008,1007,1006,1005,995,1003,1002,1001,1000,999,998,997,996,974,1045,1046,1047,1049,1050,1051,1052,1053,1054,1056,1057,1059,1061,1063,1069,3784,3887,3888,3889,3890,3891,3892,3893,3894,3895,3896"
"Veličina obuće",dropdown,1,1,1,"35|36|37|38|39|40|41|42|43|44|45|46|47|48","968,1013,1014,1015,1016,1017,1018,1019,1020,975,1072,1073,1074,1075,1077,1079,1080,1083,3785,3897,3898,3899,3900,3901,3902"
"Dječija veličina",dropdown,1,1,1,"0-3 mj|3-6 mj|6-12 mj|1-2 god|3-4 god|5-6 god|7-8 god|9-10 god|11-12 god|13-14 god|15-16 god","3768,3790,3791,3792,3793,3794,3795,3796,3797,3798,3799,3800,3801,3802,3774,3825,3826,3827,3828,3829,3830,3831,3832,3833,3834,3835,3836,3837,3838,3839,3780,3864,3865,3866,3867,3868,3869,3870,3871,3872"
"Materijal odjeće",dropdown,0,1,2,"Pamuk|Poliester|Vuna|Koža|Eko-koža|Teksas|Svila|Viskoza|Lan|Saten","967,974,3768,3774,3780,3784"
"Boja odjeće",dropdown,0,1,4,"Crna|Bijela|Siva|Plava|Crvena|Zelena|Žuta|Roza|Smeđa|Bež|Višebojna","5,32,33,3764,3765,3766,3767"
"Sezona",radio,0,1,5,"Ljeto|Zima|Proljeće/Jesen","5,32,33,3764,3765,3766,3767"
"Kroj (Fit)",dropdown,0,1,6,"Slim Fit|Regular Fit|Oversized|Skinny|Loose Fit","995,1003,1002,996,1045,1046,1052,1053"
"Vrsta mehanizma sata",radio,0,1,2,"Kvarcni|Automatski|Ručno navijanje","3813,3907"
"Materijal nakita",dropdown,0,1,2,"Zlato|Srebro|Bižuterija|Hirurški čelik|Biseri","1021,1092,3852"
"Tip potpetice",dropdown,0,1,2,"Tanka|Blok peta|Platforma|Puna peta|Niska peta","1019,3845"
"Broj točkova kofer",radio,0,1,2,"3 točka|4 točka|Blizanačka","3877"
"Grupa autosjedalice",dropdown,1,1,2,"0 do 10kg|0+ do 13kg|1 od 9-18kg|2 od 15-25kg|3 od 22-36kg","3878"
"Dodatne pogodnosti",checkbox,0,1,7,"Originalna kutija|Garancija|Račun|Rezervni dijelovi","3877,3878"
"Spol nakit",radio,1,1,1,"Muški|Ženski|Unisex|Dječiji","254,257,258,260,259"
"Materijal detaljan",dropdown,1,1,2,"Žuto zlato|Bijelo zlato|Ružičasto zlato|Srebro|Platina|Hirurški čelik|Titanijum|Bižuterija","253,257,258,260,259,261,262,263,265"
"Finoća materijala",dropdown,0,1,3,"333 (8k)|375 (9k)|585 (14k)|750 (18k)|900 (Dukati)|916 (22k)|925 (Srebro)|999 (Čisto)","253,257,258,260,259,265,268"
"Vrsta dragog kamena",dropdown,0,1,4,"Dijamant|Briljant|Smaragd|Rubin|Safir|Ametist|Topaz|Opal|Biser|Cirkon","253,257,258,260,259,264"
"Boja kamena",dropdown,0,1,5,"Prozirna|Crna|Plava|Crvena|Zelena|Ljubičasta|Žuta|Roza|Višebojna","253,257,258,260,259,264"
"Oblik kamena",dropdown,0,1,6,"Okrugli|Kvadratni|Ovalni|Suza|Srce|Pravougaoni|Markiz|Jastuk","253,260,259,264"
"Tip pletenja lanca",dropdown,0,1,3,"Pancir|Kraljevski rad|Figaro|Zmija|Sidro|Konopac|Bismarck|Mletački rad","257,258"
"Tip kopče naušnice",dropdown,0,1,3,"Igla|Engleska|Ruska|Francuska|Alkica|Na udicu","259"
"Mehanizam sata",dropdown,1,1,1,"Kvarcni|Automatski|Mehanički|Solarni|Kinetički","254,256,267"
"Promjer kućišta",dropdown,0,1,2,"Ispod 30mm|30-34mm|35-39mm|40-44mm|45-49mm|Preko 50mm","254,256"
"Materijal kućišta",dropdown,0,1,3,"Nehrđajući čelik|Zlato|Pozlata|Keramika|Titanijum|Karbon|Plastika|Drvo","254,256"
"Boja brojčanika",dropdown,0,1,4,"Crna|Bijela|Srebrna|Plava|Zlatna|Zelena|Siva|Sedefasta","254,256"
"Vrsta stakla",dropdown,0,1,5,"Safirno|Mineralno|Akrilno","254,256"
"Materijal narukvice",dropdown,0,1,6,"Koža|Metal|Guma|Platno|Keramika","254,256"
"Funkcije sata",checkbox,0,1,7,"Datum|Dan u sedmici|Hronograf|Alarm|Dvojno vrijeme|Tahimetar|Faze mjeseca|Svjetlo","254,256"
"Vodootpornost sata",dropdown,0,1,8,"Nije vodootporan|3 ATM|5 ATM|10 ATM|20 ATM|Preko 20 ATM","254,256"
"Porijeklo mehanizma",radio,0,1,9,"Švicarska|Japan|Njemačka|Rusija|Kina|Ostalo","254,256"
"Namjena alata nakit",dropdown,0,1,1,"Za popravku satova|Za izradu nakita|Za čišćenje|Za mjerenje","269"
"Spol kozmetika",radio,1,1,2,"Muški|Ženski|Unisex","2791,2792,2794,2802,2871,2872,2873,2874,2875,2877,2878,2879,2881,2885,2886,2887,2895"
"Tip kože",dropdown,0,1,3,"Svi tipovi|Suha|Masna|Mješovita|Osjetljiva|Zrela","2790,2792,2793,2795,2796,2799,2800,2801,2804,2854,2858,2866,2867,2868,2869"
"Glavna namjena",dropdown,0,1,4,"Hidratacija|Anti-age|Protiv akni|Izbjeljivanje|Matiranje|Umirivanje","2790,2793,2796,2804,2805,2810,2821"
"Tekstura",dropdown,0,1,5,"Krema|Gel|Serum|Ulje|Pjena|Fluid|Balzam|Mlijeko","2790,2793,2795,2796,2803,2805,2854,2868,2869"
"SPF Faktor",dropdown,0,1,6,"Bez zaštite|SPF 10-15|SPF 20-30|SPF 50+","2795,2796,2803,2854,2869,2870"
"Tip kose",dropdown,0,1,3,"Normalna|Suha|Masna|Tanka|Kovrdžava|Farbana|Sijeda","2806,2807,2810,2815,2817,2818,2819,2821"
"Problem vlasišta",dropdown,0,1,4,"Nema problema|Perut|Opadanje|Masno tjeme|Osjetljivo tjeme","2806,2810,2815,2819,2820"
"Vrsta boje za kosu",radio,0,1,5,"Trajna|Polutrajna|Privremena","2807"
"Koncentracija parfema",dropdown,1,1,1,"EDP - Parfemska voda|EDT - Toaletna voda|EDC - Kolonjska voda|Ekstrakt|Ulje|Mist","2871,2872,2873,2874,2875,2877,2878,2879,2881,2882,2883,2884,2885,2886"
"Mirisna porodica",dropdown,0,1,2,"Cvjetna|Voćna|Drvenasta|Orijentalna|Citrusna|Vodena|Gurmanska|Kožna","2871,2873,2874,2875,2876,2878,2879,2881,2885,2886"
"Godišnje doba",radio,0,1,3,"Proljeće/Ljeto|Jesen/Zima|Cjelogodišnji","2874,2875,2878,2879,2885,2886"
"Efekat šminke",dropdown,0,1,3,"Mat|Prirodni sjaj|Visoki sjaj|Saten|Metalik|Glitter","2854,2855,2857,2861,2862,2867,2869"
"Pokrivna moć",radio,0,1,4,"Lagana|Srednja|Visoka","2854,2858,2867,2869"
"Vodootporna",radio,0,1,5,"Da|Ne","2859,2860,2861,2869,2803"
"Četkica maskare",dropdown,0,1,6,"Klasična|Zakrivljena|Konusna|Češljić|Kuglica","2859"
"Vrsta trepavica",dropdown,0,1,2,"Na traci|Pramenovi|Magnetne|Ruski volumen","2904,2908,2914"
"Metoda nokti",dropdown,0,1,3,"UV Gel|Akril|Polygel|Dip puder|Tipske","2822,2825,2826,2837"
"Vrsta četkice zubi",radio,0,1,2,"Mekana|Srednja|Tvrda","2838,2842"
"Napajanje uređaja",dropdown,0,1,3,"Baterije|Punjiva baterija|Struja|Manualno","2814,2824,2836,2839,2845,2905,2920,2923,2926,2932"
"Oblik okvira",dropdown,0,1,2,"Avijatičarske|Mačje oči|Okrugle|Pravougaone|Kvadratne|Ovalne|Bez okvira|Sportske","2887,2893,2894,2895,2898,2901"
"Vrsta stakala",dropdown,0,1,3,"Obična prozirna|Polarizovana|Fotoosjetljiva|Blue Light|Bifokalna","2887,2893,2894,2895,2899"
"Period zamjene leća",dropdown,0,1,2,"Dnevne|Dvosedmične|Mjesečne|Tromjesečne|Godišnje","2890"
"Namjena suplementa",dropdown,0,1,2,"Imunitet|Mršavljenje|Kosa i koža|Energija|Zglobovi|Spavanje","2809,2919,2921,2927,2928,2929,2931"
"Oblik preparata",dropdown,0,1,3,"Tablete|Kapsule|Prašak|Tečnost|Šumeće|Gel|Gomene","2809,2919,2921,2927,2928,2929,2931"
"Dijetetske oznake",checkbox,0,1,4,"Vegansko|Bez glutena|Bez šećera|Organsko|Bez laktoze","2800,2809,2919,2921,2927,2928,2929,2931"
"Funkcije sata smart",checkbox,0,1,2,"Koraci|Puls|San|GPS|Notifikacije|Vodootpornost|SpO2","2926"
"Tip maske",dropdown,0,1,2,"Hirurška|FFP2 / KN95|FFP3|Pamučna|Vizir","2934,2935,2941,2943,2944"
"Veličina rukavica med",radio,0,1,2,"S|M|L","2936,2938,2939,2942,2945,2947"
"Materijal rukavica med",dropdown,0,1,3,"Lateks|Nitril|Vinil|Pamuk|Najlon","2936,2938,2939,2942,2945,2947"
"Preporučeni uzrast",dropdown,1,1,2,"0-12 mjeseci|1-3 godine|3-5 godina|5-8 godina|8-12 godina|12+ godina|Za odrasle","150,151,152,153,154,155,156,157,158,159"
"Materijal igračke",dropdown,0,1,3,"Plastika|Drvo|Metal|Pliš|Guma|Karton|Kombinovano","151,152,154,155,156,157,158,2964,2966,2996,3027,3042,3058,3068,3072,3094"
"Spol igračke",radio,0,1,4,"Dječaci|Djevojčice|Univerzalno","151,153,155,156,157,158,159,3111"
"Broj igrača",dropdown,0,1,2,"1|2|2-4|4-6|6+","150,2966,2967,2969,2974,2975,2978,2979"
"Vrijeme trajanja igre",dropdown,0,1,3,"Do 15 min|15-30 min|30-60 min|1-2 h|Preko 2 h","150,2965,2967,2970,2972,2974,2975,2978,2979"
"Jezik igre",dropdown,0,1,4,"Naši jezici|Engleski|Njemački|Višejezično|Nije ovisno o jeziku","150,2965,2968,2974,2975,2978"
"Tip društvene igre",dropdown,0,1,5,"Strategija|Sreća|Logika|Kviz|Karte|Vještina","150,2965,2966,2968,2970,2972,2974,2978"
"Tema kockica",dropdown,0,1,3,"Grad i vozila|Svemir|Vitezi|Policija|Ninjago|Prijatelji|Tehnika","152,2995,2997,3001,3007,3010"
"Kompatibilnost kockica",radio,0,1,4,"Lego|Duplo|Mini blokovi","152,2995,3003,3007"
"Pokretljivost zglobova",radio,0,1,3,"Fiksna|Osnovna|Potpuno zglobna","151,2980,2981,2988,2990,3072,3081,3097"
"Napajanje igračke",radio,0,1,2,"Baterije|Punjiva baterija|Bez baterija","153,2985,2988,2997,3011,3013,3014,3015,3016,3017,3018,3019,3021,3023,3024,3025,3072"
"Vrsta upravljanja",radio,0,1,3,"Daljinski|Aplikacija|Senzor","153,3011,3013,3014,3017,3019,3021"
"Mjerilo modela",dropdown,0,1,3,"1:18|1:24|1:32|1:43|1:64|Nije definisano","3011,3019,3088,3091,3094,3102"
"Montessori fokus",dropdown,0,1,2,"Fina motorika|Brojevi/Slova|Logika|Senzorni razvoj|Praktični život","154,3026,3027,3029,3030,3031,3033,3036,3037"
"Vrsta lutke",dropdown,0,1,2,"Beba|Modna lutka|Krpena|Porculanska|Za friziranje","3072,3079,3081,3084"
"Dodaci uz lutku",checkbox,0,1,4,"Odjeća|Bočica/Duda|Kolica|Namještaj|Ljubimac","3072,3074,3080,3081"
"Lokacija korištenja",radio,0,1,4,"Samo unutra|Samo vani|Unutra i vani","156,3057,3058,3062,3063,3068,3070,3107"
"Veličina kostima dječiji",dropdown,0,1,2,"2-4 god|4-6 god|7-8 god|9-10 god|Univerzalna","3111"
"Očuvanost kutije",radio,0,1,5,"Savršena|Oštećena|Nema kutiju","151,2986,2992,3094,3116"
"Vrsta dječijih kolica",dropdown,1,1,1,"Sistem 3u1|Sistem 2u1|Kišobran|Sportska|Za blizance|Klasična korpa","134"
"Broj točkova kolica",radio,0,1,2,"3|4|6+","134"
"Oprema uz kolica",checkbox,0,1,3,"Torba|Zimska navlaka|Kišna navlaka|Mreža|Držač|Adapteri","134"
"Grupa autosjedalice bebe",dropdown,1,1,1,"0+ do 13kg|0+/1 do 18kg|1 od 9-18kg|1/2/3 od 9-36kg|2/3 od 15-36kg|i-Size","124"
"Sistem montaže",radio,1,1,2,"ISOFIX|Pojas|Baza","124"
"Smjer vožnje",radio,0,1,3,"Suprotno|U smjeru|Oba smjera","124"
"Vrsta krevetića",dropdown,1,1,1,"Standardni|Prenosivi|Kolijevka|Co-sleeper|Montessori","135"
"Dimenzije madraca",dropdown,0,1,2,"120x60|140x70|90x40|Vanstandardne","135,144"
"Tip hranilice",radio,0,1,1,"Standardna|Sklopiva|Na stolicu|Rastuća","128"
"Materijal flašice",radio,0,1,1,"Staklo|Plastika|Silikon","125"
"Veličina cucle",dropdown,0,1,2,"Spori protok|Srednji protok|Brzi protok|Gusta hrana|Promjenjiv","125"
"Veličina pelena",dropdown,1,1,1,"0 Premature|1 (2-5kg)|2 (3-6kg)|3 (4-9kg)|4 (7-18kg)|5 (11-25kg)|6 (16+kg)|Gaćice","142"
"Vrsta izdajalice",radio,0,1,1,"Ručna|Električna jednostruka|Električna dvostruka","131"
"Tip nosiljke",dropdown,0,1,1,"Kengur|Elastična marama|Tkana marama|Mei Tai|Ring Sling","139"
"Položaj nošenja",checkbox,0,1,2,"Naprijed ka roditelju|Naprijed ka okolini|Na leđima|Na boku","139"
"Tehnologija monitora",radio,0,1,1,"Audio|Video|Wi-Fi|Senzor disanja","138"
"Funkcije ležaljke",checkbox,0,1,2,"Vibracija|Muzika|Ljuljanje|Igračke|Podesiv naslon","136,137"
"Tip kadice",dropdown,0,1,1,"Klasična|Anatomska|Sa stalkom|Sklopiva|Podloga","133"
"Materijal posteljine",dropdown,0,1,1,"Pamuk|Organski pamuk|Bambus|Pliš|Minky","144,132,126"
"Vrsta uređaja bebe",dropdown,0,1,1,"Grijač|Sterilizator|Blender|Ovlaživač|Vaga","147"
"Kapacitet sterilizatora",radio,0,1,2,"1 flašica|Do 4|Do 6|Za mikrovalnu","147"
"Tip torbe bebe",radio,0,1,1,"Torba|Ruksak|Organizator","146"
"Spol bebe oprema",radio,0,1,4,"Dječak|Djevojčica|Unisex","125,129,139,144,132,126,145,140"
"Tip proizvodnje hrana",radio,1,1,1,"Domaća|Industrijska|Obrt","2682,2683,2684,2685,2686,2687,2690,2692,2694,2696,2666,2668,2671,2673,2675,2679,2717,2729,2737,2742,2745"
"Porijeklo mlijeka",dropdown,0,1,2,"Kravlje|Kozije|Ovčije|Bivolje|Miješano|Biljno","2682,2683,2684,2685,2686,2687,2688,2689,2690,2691,2692,2693,2694,2695,2696,2671,2672"
"Ishrana oznake",checkbox,0,1,4,"Halal|Posno|Vegansko|Bez glutena|Bez laktoze|Bez šećera|Organsko|Keto","243,246,245,244,249,250,248,247,251,252"
"Stanje sira",dropdown,0,1,3,"Mladi|Polutvrdi|Tvrdi|Dimljeni|Iz mijeha|U ulju|Plijesan","2682,2690,2692,2696,2671"
"Vrsta mesa",dropdown,0,1,2,"Pršut|Suho meso|Sudžuk|Slanina|Rebra|Kulen","2679,2732,2737"
"Način konzerviranja",radio,0,1,3,"Dimljenje|Sušenje|Salamura|Pasterizacija","2679,2731,2732,2738,2743"
"Vrsta meda",dropdown,0,1,2,"Bagrem|Livada|Kesten|Šuma|Kadulja|Vrijesak|Lipa|Miješani","2673"
"Neto težina (g/kg)",number,1,1,1,"","246,245,244,249,250,247,252"
"Zapremina (ml/l)",number,1,1,1,"","248,2651,2654,2656,2658,2677,2713,2714,2715,2716,2717,2719,2723,2725,2726,2727,2728,2747,2749,2752,2757"
"Udio alkohola (%)",number,0,1,2,"","2715,2717,2723,2727,2728,2771"
"Vrsta vina",dropdown,0,1,2,"Crno suho|Crno polusuho|Bijelo suho|Bijelo polusuho|Rose|Desertno|Pjenušavo","2727,2771"
"Vrsta rakije",dropdown,0,1,2,"Šljivovica|Jabukovača|Viljamovka|Loza|Travarica|Medica|Dunjevača|Kajsija|Džin|Viski","2717,2728,2771"
"Godina berbe",number,0,1,3,"","2717,2727,2728,2771"
"Vrsta piva",dropdown,0,1,2,"Lager|Ale / IPA|Pšenično|Stout / Porter|Bezalkoholno|Radler","2715,2723"
"Vrsta kafe",radio,0,1,2,"U zrnu|Mljevena|Kapsule","2720,2763"
"Prženje kafe",radio,0,1,3,"Svijetlo|Srednje|Tamno","2720"
"Oblik čaja",radio,0,1,2,"Rinfuza|Vrećice|Instant","2655,2714,2721,2763"
"Dobijanje ulja",radio,0,1,2,"Hladno cijeđeno|Rafinisano|Macerat","2658,2735,2747,2749,2757"
"Ljutina",radio,0,1,3,"Blago|Srednje ljuto|Ekstremno ljuto","2729,2730,2746,2750,2754,2758"
"Vrsta začina",dropdown,0,1,2,"Cijelo zrno|Mljeveni|Drobljeni|Listići","2746,2748,2750,2751,2754,2755,2756,2759"
"Udio kakaa (%)",number,0,1,2,"","2698,2699,2707,2712"
"Vrsta čokolade",dropdown,0,1,2,"Mliječna|Tamna|Bijela|Sa dodacima|Ruby","2698,2699,2707"
"Ambalaža",dropdown,0,1,5,"Staklena tegla|Staklena flaša|Limenka|Vakumirano|Papirna ambalaža|Rinfuza","243,246,245,244,249,250,248,247,252"
"Namjena poklona",dropdown,0,1,1,"Rođendanski|Poslovni|Praznični|Za mladence|Babine","2760,2761,2762,2763,2764,2765,2766,2767,2768,2769,2770,2771,2772,2773,2774"
"Napomene za čuvanje",textbox,0,1,6,"","243,246,245,244,249,250,248,247,251,252"
"Porijeklo sirovine",textbox,0,1,4,"","243,246,245,244,249,250,248,247,251,252"
"Broj ulaznica",number,1,1,1,"","271,272,273,274,275,276"
"Datum događaja",textbox,1,1,2,"","271,272,273,274,275,276"
"Vrsta ulaznice",radio,1,1,3,"Papirna|Elektronska","271,272,273,274,275,276"
"Zona / Sektor",dropdown,0,1,4,"Parter|Fan zona|Tribina Zapad|Tribina Istok|Tribina Sjever|Tribina Jug|VIP loža|Balkon|Galerija","273,274,275"
"Format projekcije",radio,0,1,2,"2D|3D|IMAX / 4D","272"
"Lokacija",textbox,1,1,3,"","271,272,273,274,275,276"
"Sjedišta spojena",radio,0,1,5,"Da|Ne","272,273,274,275"
"Red i broj sjedišta",textbox,0,1,6,"","272,273,274,275"
"Način preuzimanja",checkbox,1,1,7,"Lično preuzimanje|Email / Viber|Brza pošta","271,272,273,274,275,276"
"VIP Pogodnosti",checkbox,0,1,5,"Hrana i piće|Parking|Backstage pristup|Poseban ulaz","274,275"
"Naziv takmičenja",textbox,0,1,2,"","275"

"Starost predmeta",dropdown,1,1,2,"Prije 1900.|1900-1920 Secesija|1920-1940 Art Deco|1940-1970 Retro|1970-1990 Vintage|Reprodukcija","209,215,220,214,210,211,219,213,221,212,217,218,216,222"
"Stil namještaja",dropdown,0,1,3,"Barok|Rokoko|Bidermajer|Alt-Deutsch|Secesija|Art Deco|Chippendale|Rustikalni","215"
"Materijal namještaja",dropdown,0,1,4,"Puno drvo - Orah|Puno drvo - Hrast|Puno drvo - Mahagonij|Puno drvo - Trešnja|Furnir|Drvo sa intarzijom","215"
"Tehnika umjetnine",dropdown,0,1,2,"Ulje na platnu|Akvarel|Bakrorez|Grafika|Goblen|Ikona|Skulptura","220"
"Potpis autora",radio,0,1,3,"Potpisano|Nepotpisano|Nepoznat autor","220"
"Vrsta keramike/stakla",dropdown,0,1,2,"Porculan|Majolika|Kristal|Murano staklo|Obična keramika|Zemljano posuđe","211"
"Materijal predmeta",dropdown,0,1,2,"Mesing|Bakar|Bronza|Srebro|Kalaj|Kovano željezo","219,213"
"Ispravnost uređaja",radio,1,1,2,"Potpuno ispravno|Djelimično ispravno|Neispravno","210,221,216"
"Pogon gramofona",radio,0,1,3,"Ručno navijanje|Električni pogon","210"
"Brzina ploče",radio,0,1,4,"33 RPM|45 RPM|78 RPM","210"
"Pismo",radio,0,1,3,"Latinica|Ćirilica|Gotica|Arapsko pismo","212,216"
"Vrsta uveza",dropdown,0,1,4,"Tvrdi - Koža|Tvrdi - Platno|Meki uvez|Ručni uvez","212"
"Porijeklo motiva",dropdown,0,1,2,"Bosanski|Hercegovački|Pirotski|Perzijski|Orijentalni|Slavonski","217,218"
"Način izrade",radio,0,1,3,"Ručno tkanje|Vez|Klečanje|Industrijska izrada","217,218"
"Raspored tastature",dropdown,0,1,3,"QWERTZ|QWERTY|Ćirilična|Ostalo","216"
"Certifikat",radio,0,1,5,"Posjeduje certifikat|Nema certifikat","209,215,220,214,211,219"
"Geografsko porijeklo",textbox,0,1,6,"","209,215,220,214,211,219,217,218"
"Dimenzije (cm)",textbox,0,1,7,"","215,220,218,211"
"Očuvanost (Numizmatika)",dropdown,1,1,1,"UNC|XF|VF|F|VG|G|P","193,207"
"Očuvanost (Filatelija)",dropdown,1,1,1,"MNH - Čista bez falca|MH - Čista sa falcom|Žigosana|FDC - Koverta prvog dana","190"
"Očuvanost (Opšta)",dropdown,1,1,1,"Kolekcionarski primjerak|Odlično stanje|Vrlo dobro stanje|Vidljivi tragovi vremena|Za restauraciju","192,194,195,196,197,198,199,200,201,202,203,204,205,206,208"
"Originalnost",radio,1,1,2,"Original|Replika|Naknadni kov","192,193,195,194,206,200,197"
"Historijski period",dropdown,0,1,3,"Prije 1900.|Prvi svjetski rat|Međuratni period|Drugi svjetski rat|Period SFRJ|Domovinski rat|Moderno doba","193,190,192,196,195,206,205,201,203,198"
"Vrsta materijala",dropdown,0,1,4,"Zlato|Srebro|Bronza|Bakar/Nikl|Papir|Metal|Porculan|Drvo|Staklo","193,195,194,206,200,197,207"
"Mjerilo",dropdown,0,1,2,"1:72|1:48|1:35|1:24|1:18|1:144|Nije definisano","191"
"Stanje makete",radio,0,1,3,"Nesastavljena|Sastavljena i obojena|Sastavljena neobojena","191"
"Tema kolekcije",dropdown,0,1,5,"Vojna|Sport|Umjetnost|Priroda|Gradovi|Religija|Saobraćaj|Ličnosti","190,199,196,202,204,198"
"Popunjenost albuma",radio,0,1,2,"Prazan album|Djelimično popunjen|Puni album|Sličice na komad|Neotvoren paketić","199"
"Izdavač",dropdown,0,1,3,"Panini|Topps|Merlin|Upper Deck|Domaći izdavač|Ostalo","199"
"Status razglednice",radio,0,1,2,"Putovala|Nije putovala","196"
"Nominalna vrijednost",textbox,0,1,5,"","193,190,204,207"
"Država porijekla",textbox,0,1,6,"","193,190,192,196,203,204,205"
"Godina izdanja",number,0,1,4,"","193,190,192,199,201,203,196"
"Vrsta uveza (Stripovi)",radio,0,1,4,"Meki uvez|Tvrdi uvez","199"
"Certifikat autentičnosti",radio,0,1,7,"Da|Ne","193,192,195,194,200"
"Tehnika slikanja",dropdown,1,1,2,"Ulje na platnu|Akrilik|Akvarel|Pastel|Gvaš|Crtež|Kombinovana tehnika","648,649,650,651,652,653,655,656,667"
"Format",dropdown,0,1,3,"Pejzaž|Portret|Kvadrat|Panorama|Ovalno","182,183,184,185"
"Uramljeno",radio,0,1,4,"Da - Sa ramom|Ne - Samo platno|Blind ram","182,183,184,185,662,663"
"Originalnost djela",radio,1,1,2,"Originalno djelo|Reprodukcija|Numerisana grafika","182,183,184,185,657,663,673"
"Materijal skulpture",dropdown,0,1,2,"Bronza|Kamen|Drvo|Glina|Metal|Gips|Staklo|Smola","186,677,678,679,680,681,682,683"
"Motiv",dropdown,0,1,5,"Pejzaž|Portret|Apstrakcija|Mrtva priroda|Religijski|Urbani|Životinje","182,183,185,664,665,666"
"Dimenzije (cm)",textbox,1,1,3,"","182,183,184,185,186,694,696"
"Godina nastanka",number,0,1,6,"","182,186,184,183,185"
"Vrsta digitalnog fajla",checkbox,0,1,2,"JPG/PNG|PSD/AI|STL/OBJ|MP4/MOV|NFT Token","695,2620,2621,2622,2623,2625,2627,2628"
"Rezolucija",dropdown,0,1,3,"Web kvaliteta|Print kvaliteta|4K / UHD|Vektorski","695,2623,2625,2627,2633"
"Licenca",radio,0,1,4,"Lična upotreba|Komercijalna upotreba|Potpuna prava","695,2620,2621,2623,2627,2632"
"Materijal rama",dropdown,0,1,2,"Puno drvo|MDF|Aluminijum|Plastika|Staklo","694,2606,2608,2610,2612,2613,2616"
"Vrsta stakla",radio,0,1,3,"Obično|Antirefleksno|Pleksiglas","694,2608,2610,2612,2619"
"Tip tattoo mašinice",dropdown,1,1,1,"Rotaciona|Zavojna|Pen|Bežična|Pneumatska","686,3300,3301,3302,3304,3305,3307,3308,3310,3311,3312"
"Namjena mašinice",radio,0,1,2,"Liner|Shader|Hibrid","686,3300,3301,3302,3304,3307"
"Hod igle",dropdown,0,1,3,"2.5 mm|3.5 mm|4.0 mm+|Podesivi hod","686,3300,3307,3310,3311"
"Priključak",radio,0,1,4,"RCA|Clip Cord|DC","686,3300,3301,3302,3310"
"Tip igle",dropdown,1,1,1,"Klasična igla|Kertridž|Igla za pirsing","687,3313,3314,3315,3316,3317,3318,3319,3320,3321,3322"
"Konfiguracija igle",dropdown,0,1,2,"RL - Round Liner|RS - Round Shader|M1 - Magnum|RM - Round Magnum|F - Flat","687,3313,3314,3315,3316,3317,3318,3319,3320"
"Debljina igle",dropdown,0,1,3,"#08 (0.25mm)|#10 (0.30mm)|#12 (0.35mm)|#14 (0.40mm)","687,3314,3315,3316,3317,3318,3319,3320"
"Broj igala",dropdown,0,1,4,"1|3|5|7|9|11|14|15|Veće od 15","687,3314,3315,3316,3317,3318,3319,3320"
"Sterilno pakovanje",radio,1,1,1,"Da|Ne","687,691,3322,3363,3375"
"Boja tinte",dropdown,0,1,2,"Crna - Lining|Crna - Filling|Bijela|Set boja|Siva|Crvena|Plava|Zelena|Žuta","688,3326,3327,3328,3329,3332,3333,3335,3338"
"Zapremina (ml)",dropdown,0,1,3,"15 ml|30 ml|60 ml|120 ml|240 ml","688,3326,3328,3329,3331,3332,3338,3340,3341,3347,3351,3356"
"REACH Certifikat",radio,0,1,4,"Da|Ne","688,3327,3328,3329,3333,3335,3338"
"Materijal nakita",dropdown,0,1,2,"Hirurški čelik|Titanijum|Bioplast|Zlato|Niobijum|Organski","691,3365,3366,3367,3368,3369,3370,3371,3376"
"Debljina pirsinga",dropdown,0,1,3,"0.8 mm|1.0 mm|1.2 mm|1.6 mm|Preko 2 mm","691,3362,3363,3365,3366,3367,3369,3370,3371,3376"
"Tip navoja",radio,0,1,4,"Vanjski|Unutrašnji|Push-fit","691,3365,3367,3368"
"Potpis autora",radio,0,1,7,"Potpisano|Nepotpisano|Certifikat galerije","182,183,186,648,649,650,651,657"
"Vrsta uveza knjige",dropdown,1,1,2,"Meki uvez|Tvrdi uvez|Tvrdi sa omotom|Spiralni|Kožni|Klamano","173,588,589,590,591,592,609,593,594,595,596,597,598,608,599,600,601,602,607,603,604,605,606,610,611,613,176,623,624,625,626,178,180"
"Pismo",radio,1,1,3,"Latinica|Ćirilica|Dvojezično","173,588,589,590,591,592,609,593,594,595,596,597,598,608,599,600,601,602,607,603,604,605,606,610,611,612,613,176,623,624,625,626,179,180"
"Jezik izdanja",dropdown,1,1,4,"Bosanski|Hrvatski|Srpski|Engleski|Njemački|Francuski|Španski|Ostalo","173,176,175,174,179,178,180"
"Autor",textbox,1,1,1,"","173,176,175,174,180"
"Broj stranica",number,0,1,6,"","173,176,178,180"
"Obrazovni nivo",dropdown,1,1,1,"Predškolski|Osnovna škola 1-4|Osnovna škola 5-9|Srednja škola|Fakultet|Stručno usavršavanje","593,594,595,596,597,598,608,601,602,627,628,629"
"Vrsta stripa",dropdown,0,1,2,"Bonelli|Američki superheroji|Manga|Francusko-belgijska škola|Grafički roman|Domaći autori","176,623,624,625,626"
"Boja stripa",radio,0,1,3,"Crno-bijelo|U boji","176,623,624,625,626"
"Format fajla (E-knjige)",radio,1,1,1,"PDF|ePub|MOBI|AZW3|TXT","175,619,620,621,622"
"Format audio knjige",radio,1,1,1,"MP3|CD Audio|FLAC|M4B","174,614,615,616,617,618"
"Posebne karakteristike",checkbox,0,1,2,"Prvo izdanje|Potpis autora|Posveta|Originalni omot|Ilustrovano|Rijetkost","612,2576,2577,2578,2579,2580,2581,2582,2583,2584,2585,2586,2587,2588,625,626,647"
"Periodika izlaženja",dropdown,0,1,2,"Dnevne novine|Sedmičnjak|Mjesečnik|Dvomjesečnik|Godišnjak|Specijalno izdanje","179,635,636,637,638,639,640,641,642"
"Vrsta kuharice",dropdown,0,1,2,"Tradicionalna kuhinja|Kolači i deserti|Zdrava ishrana|Vegetarijanska|Brza jela|Zimnica|Pića i kokteli","610,2546,2547,2548,2549,2550,2551,2552,2553,2554,2555,2556,2557,2558,2559,2560"
"Stanje pribora",radio,1,1,1,"Novo|Korišteno","177,627,629"
"Vrsta priručnika",dropdown,0,1,2,"Servisno uputstvo|Korisničko uputstvo|Katalog dijelova|Šema|DIY vodič","178,630,631,632,633,634"
"Žanr književnosti",dropdown,0,1,3,"Ljubavni|Triler/Krimi|Sci-Fi|Epska fantastika|Horor|Historijski|Biografija|Poezija","588,589,590,591,592,609,644,646"
"Originalni naziv",textbox,0,1,7,"","173,176"
"ISBN",textbox,0,1,8,"","173,593,603"
"Konfiguracija magneta",dropdown,0,1,2,"SSS|HSS|HH|HSH|P90|Aktivni (EMG)","543,545"
"Broj žica",dropdown,0,1,3,"4|5|6|7|8|12","543,544,545,555,556,3299,3268"
"Oblik gitare",dropdown,0,1,4,"Stratocaster|Telecaster|Les Paul|SG|Superstrat|Flying V|Explorer|Jumbo|Dreadnought","543,544"
"Materijal tijela",dropdown,0,1,5,"Jova|Jasen|Mahagonij|Lipa|Javor|Smreka|Ružino drvo","543,544,545,551,555"
"Broj tipki",dropdown,0,1,2,"25|37|49|61|76|88","547,549,564"
"Tip mehanike",radio,0,1,3,"Hammer Action|Polu-otežane|Synth action","547,549"
"Broj dijelova seta",number,0,1,2,"","551,552"
"Promjer (Inči)",dropdown,0,1,3,"10|12|13|14|16|18|20|22","551,553"
"Tip mikrofona",radio,0,1,2,"Dinamički|Kondenzatorski|Ribbon|Bežični","557,569"
"Snaga (RMS W)",number,0,1,2,"","559,560,561,568,570,571,573,574,575,576,580,581,582,583,584,586,587"
"Veličina zvučnika (Inči)",dropdown,0,1,3,"5|6.5|8|10|12|15|18","559,560,561,568,573,574,583,586"
"Impedansa",radio,0,1,4,"4 Ohm|8 Ohm|16 Ohm","559,560,561,574,583,3286"
"Vrsta efekta",dropdown,0,1,2,"Overdrive/Distortion|Delay/Reverb|Chorus/Modulation|Wah-Wah|Kompresor|Looper|Multi-efekt","562,563"
"Broj kanala",dropdown,0,1,2,"1-2|4|8|12|16|24+","565,567,587"
"Konekcija interfejsa",radio,0,1,3,"USB|Thunderbolt|FireWire|PCIe","567"
"Tip konektora",dropdown,1,1,1,"XLR|TS Mono 6.3mm|TRS Stereo 6.3mm|RCA|SpeakOn|MIDI|USB","3269,3270,3271,3272,3273,3274,3275,3276,3277,3278,3279,3280,3281,3282,3283,3284"
"Dužina kabla (m)",number,0,1,2,"","532,3270,3271,3272,3273,3274,3275,3276,3277,3279,3280,3281,3282,3283,3284,578"
"Pogon gramofona",radio,0,1,2,"Direct Drive|Belt Drive","566"
"Vrsta sistema",radio,0,1,2,"2.0 Stereo|2.1|5.1 Surround|7.1 / Atmos","570,582,539"
"Debljina trzalice",dropdown,0,1,2,"Thin|Medium|Heavy|Extra Heavy","3287,3263"
"Debljina žica",dropdown,0,1,2,"09-42|10-46|11-52|12-54|Za akustičnu|Za bas","3299,3268"
"Materijal izrade",dropdown,0,1,2,"Puno drvo|MDF|Iveral|Metal|Staklo|Plastika|Ratan|Kombinacija","224,429,430,431,432,433,434,226,442,443,227,451,229,462,228,453,454,455"
"Vrsta presvlake",dropdown,0,1,3,"Prirodna koža|Eko koža|Štof|Pliš|Mikrofiber|Bez presvlake","429,430,431,432,433,462"
"Oblik namještaja",dropdown,0,1,4,"Ugaoni L|U oblik|Trosjed/Dvosjed|Fotelja|Modularni","429,462"
"Funkcije namještaja",checkbox,0,1,5,"Razvlačenje u ležaj|Sanduk za posteljinu|Podesivi naslon|Relax mehanizam|Točkići","429,430,462"
"Dimenzije (ŠxDxV)",textbox,1,1,2,"","224,226,225,227,229,228,3628,230,233,240,234,236,231,237"
"Energetski razred",dropdown,0,1,2,"A+++|A++|A+|A|B|C|D|E|F|G","445,446,436,438,440,3670,3641,505,506"
"Vrsta grijanja",dropdown,0,1,1,"Struja|Pelet|Drva/Ugalj|Plin|Toplotna pumpa|Solarno|Lož ulje","225,438,439,440,3686"
"Snaga uređaja (kW)",textbox,0,1,3,"","225,436,438,439,3640"
"Inverter",radio,0,1,2,"Da|Ne","436,3682"
"Površina djelovanja (m2)",number,0,1,4,"","225,436,438,439"
"Montaža sanitarija",radio,0,1,2,"Zidna|Podna|Ugradbena","448,449,451,514"
"Vrsta tuš sistema",dropdown,0,1,2,"Tuš kabina|Walk-in|Masažna kabina|Klasična kada|Hidromasažna kada","450"
"Vrsta alata",radio,0,1,1,"Električni|Akumulatorski|Pneumatski|Benzinski|Ručni","3626,3632,3633,3634,3635,3636,3641,461,464"
"Napon baterije",dropdown,0,1,2,"12V|14.4V|18V/20V|36V/40V|54V/60V","3632,3633,3634,3635,3645,461"
"Tip motora",radio,0,1,3,"Sa četkicama|Bez četkica","3632,3633,3634,3635,461,505"
"Prihvat alata",dropdown,0,1,4,"SDS Plus|SDS Max|Stezna glava|Hex 1/4""|M14","3633,3634"
"Promjer ploče (mm)",dropdown,0,1,5,"115|125|230|160|190|254|305","3634,3635"
"Građevinski materijal",dropdown,0,1,1,"Cigla/Blok|Cement/Kreč|Stiropor|Kamena vuna|Gips ploče|Crijep/Lim","3628,3658,3659,3660,3661,3663"
"Debljina izolacije (cm)",number,0,1,2,"","3660,3662,3663"
"Vrsta stolarije",radio,0,1,1,"PVC|Aluminijum|Drvo|Drvo-Aluminijum","228,453,454"
"Broj komora (PVC)",dropdown,0,1,2,"5 komora|6 komora|7 komora|8 komora","453,454"
"Vrsta stakla",dropdown,0,1,3,"Dvoslojno|Troslojno|Dekorativno|Kaljeno","453,454,450"
"Grlo sijalice",dropdown,0,1,2,"E27|E14|GU10|G9|LED Integrisano|T8","230,465,466,467,468,469,470,3670"
"Boja svjetlosti",radio,0,1,3,"Topla bijela|Neutralna|Hladna bijela","230,3670,3689"
"IP Zaštita",dropdown,0,1,4,"IP20|IP44|IP65|IP67/IP68","230,469,3689,501"
"Oblik tepiha",radio,0,1,2,"Pravougaoni|Okrugli|Ovalni|Staza","477,479,480"
"Visina flora",dropdown,0,1,3,"Niski flor|Srednji flor|Visoki flor","477,479"
"Klasa laminata",dropdown,0,1,2,"Klasa 31|Klasa 32|Klasa 33","478"
"Smart Home protokol",dropdown,0,1,1,"WiFi|Zigbee|Z-Wave|Bluetooth|RF 433MHz|Matter","3630,3670,3671,3672,3673,3674,3675,3676,3677,3679,501,502"
"Glasovni asistent",checkbox,0,1,2,"Google Assistant|Amazon Alexa|Apple HomeKit|Tuya","3630,3670,3671,3672,3674,3675,3678,3679,501"
"Snaga panela (W)",number,0,1,1,"","3681,3687,3689"
"Tip solarnog sistema",radio,0,1,2,"On-Grid|Off-Grid|Hibridni","3631,3682"
"Kapacitet baterije",textbox,0,1,3,"","3683,3687,3632"
"Rezolucija kamere",dropdown,0,1,2,"HD|Full HD|2K / 4MP|4K / 8MP","501,3675,3679"
"Povezivanje kamere",radio,0,1,3,"Bežično WiFi|PoE / Ethernet|Koaksijalni","501,3675,3679"
"Vrsta boje",dropdown,0,1,1,"Disperzija|Akrilna|Uljana|Lak/Lazura|Epoksi","3627,3646,3647,3648,3649"
"Baza boje",radio,0,1,2,"Voda|Otapalo","3627,3646,3648,3649"
"Namjena ljepila",dropdown,0,1,1,"Za keramiku|Za drvo|Za stiropor|Montažno|Sekundarno","3650,3651"
"Tip bazena",radio,0,1,1,"Montažni|Na napuhavanje|Ugradbeni","472,476"
"Kapacitet pumpe (l/h)",number,0,1,2,"","473,464,514"
"Životni ciklus biljke",radio,0,1,1,"Jednogodišnja|Višegodišnja","459,460"
"Svjetlost",dropdown,0,1,2,"Sunčano|Polusjena|Sjena","459,460"
"Pakovanje količina",textbox,0,1,3,"","239,3628,3627,242"
"Vrsta tkanine",dropdown,0,1,2,"Pamuk|Lan|Svila|Saten|Poliester|Mikrovlakna|Bambus","509,510,511"
"Vrsta zavjese",radio,0,1,3,"Klasična|Zebra|Rolo|Panelna|Venecijaneri","510"
"Platforma",dropdown,1,1,2,"PlayStation 5|PlayStation 4|PlayStation 3|Xbox Series X/S|Xbox One|Nintendo Switch|PC|Retro konzole|Univerzalno","163,422,423,425,426,427,162,415,416,417,418,419,420,421,164,2440,2445"
"Model PlayStation",dropdown,0,1,3,"PS5 Standard|PS5 Digital|PS4 Pro|PS4 Slim|PS4 Fat|PS3 Super Slim|PS3 Slim|PS3 Fat|PS2 / PS1|PSP / PS Vita","409,413,414,416"
"Model Xbox",dropdown,0,1,3,"Xbox Series X|Xbox Series S|Xbox One X|Xbox One S|Xbox One Fat|Xbox 360|Originalni Xbox","410,414,417"
"Model Nintendo",dropdown,0,1,3,"Switch OLED|Switch V2|Switch Lite|Wii U / Wii|GameCube / N64|SNES / NES|3DS / 2DS / DS|Game Boy","411,412,413,414,418"
"Kapacitet pohrane",dropdown,0,1,4,"32 GB|64 GB|500 GB|825 GB|1 TB|2 TB|4 TB|Bez diska","161,409,410,411,414,2435,424"
"Format igre",radio,1,1,3,"Fizički medij|Digitalni kod|Nalog","162,415,416,417,418,419,420"
"Žanr igre",dropdown,0,1,5,"Akcija i Avantura|FPS / TPS|RPG|Sport i Simulacije|Utrke|Strategija|Horor|Borilačke|Dječije|Muzičke","162,415,416,417,418,419,420,421,164,2436,2439,2441"
"Regija aktivacije",dropdown,0,1,2,"Global|Evropa|Sjeverna Amerika|UK|Azija","419,2437,2443,2444,2445"
"Tip kontrolera",radio,0,1,2,"Bežični|Žičani|Volan / Palica","422"
"Proizvođač opreme",dropdown,0,1,3,"Original|Licencirani|Zamjenski","422,423,425,426"
"Vrsta memorije",radio,0,1,2,"HDD|SSD|Memorijska kartica","424"
"Povezivanje slušalica",dropdown,0,1,2,"3.5mm Jack|USB|USB Dongle|Bluetooth","425"
"Stanje konzole",radio,0,1,5,"Tvorničko|Čipovano|Banovano","414,409,410,411,412,413,2435"
"Broj kontrolera",radio,0,1,6,"Bez kontrolera|1 kontroler|2 kontrolera","161,409,410,411,412,414,2435"
"PEGI Oznaka",dropdown,0,1,6,"3+|7+|12+|16+|18+","162,415,416,417,418,421"
"Način isporuke",radio,0,1,4,"Instant|Email|Fizička kartica","419,2437,2443,2444,2445,2440"
"Vrijednost dopune",textbox,0,1,2,"","2437,2445"
"Valuta",dropdown,0,1,3,"EUR|USD|GBP|BAM","2437,2445"
"Vrsta usluge",dropdown,0,1,2,"Pretplata|Skin / Kozmetika|Virtualna valuta|Levelovanje|Prodaja naloga","164,2436,2438,2440,2443,2444,2445"
"VR Kompatibilnost",dropdown,0,1,2,"PS VR / VR2|Meta Quest|HTC Vive|Valve Index|PC VR","421"
"Podržana rezolucija",dropdown,0,1,7,"1080p|4K|8K|720p","161,409,410,2435"
"Posebna izdanja",checkbox,0,1,8,"Limited Edition|Collector's Edition|Steelbook|Bundle","161,162,409,410,411,416,417,418"
"Rezolucija ekrana",dropdown,1,1,2,"HD Ready|Full HD|2K / QHD|4K UHD|8K UHD","2357,2358,2364,2367,2371,2340,2353,1940,2327,2328"
"Tehnologija ekrana",dropdown,0,1,3,"LED|LCD|OLED|QLED|Mini-LED|NanoCell|Plasma|CRT","2357,2358,2364,2367,2371"
"Dijagonala (inči)",dropdown,0,1,2,"<32|32|40|43|50|55|65|75|85|85+","2357,2358,2364,2367"
"Smart TV OS",dropdown,0,1,4,"Android / Google TV|Tizen|webOS|VIDAA|Ostalo|Nije Smart TV","2357,2358,2359,2364,2367,1942"
"Osvježavanje ekrana",radio,0,1,5,"50Hz / 60Hz|100Hz / 120Hz|144Hz+","2357,2358,2364,2367,2392"
"Energetski razred",dropdown,0,1,2,"A|B|C|D|E|F|G","398,392,401,404,405,3420,3428,2364,2367,3425"
"Zapremina (L)",number,0,1,3,"","404,3420,3428"
"Vrsta frižidera",dropdown,0,1,4,"Kombinovani - Gore zamrzivač|Kombinovani - Dolje zamrzivač|Side-by-Side|Jednokrilni|Ugradbeni","404"
"Kapacitet (kg)",dropdown,0,1,3,"Do 5|6|7|8|9|10|10+","392"
"Centrifuga (RPM)",dropdown,0,1,4,"800|1000|1200|1400|1600","392"
"Vrsta ploče",dropdown,0,1,2,"Električna|Staklokeramika|Indukcija|Plinska|Kombinovana","393,405"
"Broj kompleta posuđa",number,0,1,3,"","398"
"Vrsta WC šolje",radio,0,1,2,"Konzolna|Podna - Podni odvod|Podna - Zidni odvod|Monoblok","3380,3388,3389,448"
"Vrsta vodokotlića",radio,0,1,3,"Niskomontažni|Visokomontažni|Ugradbeni","3384,3387"
"Tip drona",dropdown,0,1,1,"Igračka|Hobi / Kamera|FPV / Trkaći|Profesionalni|Industrijski","41,2326,2327,2328,2329,2330,2333,2335,2336,2339"
"Težina drona",radio,0,1,2,"Ispod 249g|250g - 900g|Preko 900g","41,2327,2328,2329,2335,2336"
"Domet leta",dropdown,0,1,3,"Do 100m|Do 500m|1km - 3km|3km - 8km|Preko 8km","2326,2327,2328,2330,2335,2336"
"Vrijeme leta",dropdown,0,1,4,"Do 10 min|10-20 min|20-30 min|Preko 30 min","2326,2327,2328,2330,2335,2336"
"Broj okidanja (Shutter)",number,0,1,1,"","2344,2342,2354"
"Veličina senzora",dropdown,0,1,2,"Full Frame|APS-C|Micro 4/3|1 inč|Srednji format","2342,2343,2344,2353,2354"
"Tip objektiva",dropdown,0,1,3,"Canon EF/EF-S|Canon RF|Nikon F|Nikon Z|Sony E|Micro 4/3|Fujifilm X|Pentax K|M42","2342,2344,2315"
"Efektivni pikseli (MP)",number,0,1,4,"","2340,2342,2343,2344,2348,2349,2354,2355,2315"
"Optički zum",dropdown,0,1,5,"Fiksni|Do 5x|5x - 20x|Preko 20x","2343,2353"
"Tip audio sistema",dropdown,0,1,2,"2.0 Stereo|2.1 Sistem|5.1 Surround|7.1 / Atmos|Soundbar","2394,2243,2247,2248,2390"
"Snaga (RMS W)",number,0,1,3,"","2394,2390,2298,2296,2297,2250,2248,2382,2392"
"Impedansa",radio,0,1,4,"4 Ohm|6 Ohm|8 Ohm|16 Ohm|Visokoomske","2394,2237,2246,2389,2250,2251,2252"
"Povezivanje zvuka",checkbox,0,1,5,"Bluetooth|Wi-Fi|AUX 3.5mm|Optika|HDMI ARC|USB|XLR|RCA","2390,2298,2235,2248,2301,2380,2392"
"Vrsta slušalica",dropdown,0,1,2,"In-Ear|Over-Ear|On-Ear|TWS","2389,2104,2283"
"Tip e-cigarete",dropdown,0,1,1,"POD Sistem|Mod|Mehanički Mod|Jednokratna|AIO|Squonk","2001,2002,2005,2006"
"Kapacitet tanka (ml)",number,0,1,2,"","2001,2009,2002"
"Otpor grijača",dropdown,0,1,3,"DL - Ispod 1.0 Ohm|MTL - Iznad 1.0 Ohm","2003,2001,2009"
"Tip baterije (Vape)",radio,0,1,4,"Integrisana|Izmjenjiva","2001,2006,2002"
"Nikotin (mg/ml)",dropdown,0,1,5,"0 mg|3 mg|6 mg|12 mg|18 mg|20 mg NicSalt|50 mg","1999,2005"
"Napon sistema",radio,0,1,2,"12V|24V|48V|Visokonaponski","2110,2113,2114,2117,2126,2155,2045"
"Tip akumulatora",dropdown,0,1,3,"Olovni|AGM|GEL|Li-Ion|LiFePO4","2110,2045,2042,2040,2014,2307"
"Tip invertora",radio,0,1,4,"Off-Grid|On-Grid|Hibridni|Mikroinvertor","2113,2114"
"Kapacitet (mAh/Ah)",number,0,1,1,"","2033,2034,2035,2036,2039,2040,2042,2043,2044,2045,2110,2014,2307,2272"
"Veličina baterije",dropdown,0,1,2,"AA|AAA|C|D|9V|18650|21700|CR2032|Dugmasta","2033,2044,2042,2039,2416"
"Mjerni opseg",checkbox,0,1,1,"DC Napon|AC Napon|DC Struja|AC Struja|Otpor|Kapacitet|Frekvencija|Temperatura","2151,2163,1967,2423"
"Tip teleskopa",radio,0,1,1,"Refraktor|Reflektor|Katadioptrički","2188,2196,2197"
"Uvećanje (x)",number,0,1,2,"","2186,2191,2192,2196,2197,2198,2169,2170,2172,2173,2181,50"
"Promjer objektiva (mm)",number,0,1,3,"","2186,2196,2197,2198"
"Frekvencijski opseg",dropdown,0,1,1,"HF|VHF|UHF|Dual Band|CB|PMR","2071,2075,2082,2085,2086,2089"
"Snaga predajnika (W)",number,0,1,2,"","2075,2080,2082,2085,2086,2089"
"Tip licence",radio,0,1,3,"Potrebna dozvola|Slobodno korištenje","2075,2085,2082,2086"
"Vrsta kabla",dropdown,0,1,1,"HDMI|USB-C|Micro USB|Lightning|UTP/LAN|Koaksijalni|Optički|VGA/DVI|XLR|RCA","2363,1948,2291,2383,2278,2062,2115,2131,2203,2420,2325"
"Maksimalna brzina (km/h)",number,0,1,1,"","2016,2015,2017,2018,2020"
"Snaga motora (W)",number,0,1,2,"","2016,2015,2017,2018,2020,2024"
"Nosivost (kg)",number,0,1,3,"","2016,2015,2020,1978,2421,2391"
"Veličina točkova (inči)",dropdown,0,1,4,"6.5|8.5|10|12|12+","2016,2020,2015,2018"
"Rezolucija VR (po oku)",dropdown,0,1,1,"Ispod 1440x1440|1440x1600|1832x1920|2000x2040|4K+","2208,2212,2215"
"Vrsta VR praćenja",radio,0,1,2,"Inside-Out|Bazne stanice","2208,2212,2201"
"Proizvođač procesora",radio,1,1,2,"Intel|AMD|Apple Silicon|Qualcomm","66,65,3935,3944,3950,3951"
"Serija procesora",dropdown,0,1,3,"Core i9|Core i7|Core i5|Core i3|Pentium/Celeron|Xeon|Ryzen 9|Ryzen 7|Ryzen 5|Ryzen 3|Threadripper|EPYC|Apple M Pro/Max/Ultra","66,65,3935,3944,3950,3951"
"Generacija procesora",textbox,0,1,4,"","66,65,3935"
"Broj jezgri",dropdown,0,1,5,"2|4|6|8|10|12|14|16|20|24|24+","66,65,3935,3951"
"Podnožje (Socket)",dropdown,0,1,2,"LGA 1700|LGA 1200|LGA 1151|AM5|AM4|sTRX4|LGA 2066|SP3/SP5|Integrisan","3935,3937,3950"
"Format matične ploče",radio,0,1,3,"ATX|E-ATX|Micro-ATX|Mini-ITX","3937"
"Čipset",textbox,0,1,4,"","3937"
"Tip RAM-a",dropdown,1,1,2,"DDR5|DDR4|DDR3|DDR2|LPDDR|ECC","66,65,3938,3937,3951"
"Kapacitet RAM-a",dropdown,1,1,3,"4 GB|8 GB|16 GB|32 GB|64 GB|128 GB|256 GB+","66,65,3938,3950,3951"
"Brzina RAM-a (MHz)",dropdown,0,1,4,"2133|2400|2666|3200|3600|4800|5200|5600|6000|6000+","3938"
"Broj RAM modula",radio,0,1,5,"1 Single Channel|2 Dual Channel|4 Quad Channel","3938"
"Tip grafike",radio,1,1,2,"NVIDIA GeForce|AMD Radeon|Intel Arc|Quadro/FirePro|Integrisana","66,65,3936"
"Model grafike",textbox,0,1,3,"","66,65,3936"
"VRAM memorija",dropdown,0,1,4,"2 GB|4 GB|6 GB|8 GB|10 GB|12 GB|16 GB|20 GB|24 GB|24 GB+","66,65,3936"
"Tip pohrane",radio,1,1,2,"SSD NVMe|SSD SATA|HDD 3.5|HDD 2.5|SSHD","66,65,3931,3932,3954,3950,3953"
"Kapacitet diska",dropdown,1,1,3,"120-128 GB|240-256 GB|480-512 GB|1 TB|2 TB|4 TB|8 TB|10 TB+","66,65,3931,3932,3933,3934,3954,3955,3953,1772"
"Interfejs diska",radio,0,1,4,"SATA III|PCIe 3.0|PCIe 4.0|PCIe 5.0|SAS","3931,3954,3953"
"Dijagonala ekrana",dropdown,1,1,2,"13.3 i manje|14|15.6|16|17.3|24|27|32|34|34+","66,3930"
"Rezolucija monitora",dropdown,1,1,3,"Full HD 1080p|2K QHD 1440p|4K UHD 2160p|5K / 8K|Ultrawide|HD Ready","66,3930"
"Osvježavanje (Hz)",dropdown,0,1,4,"60|75|144|165|240|360+","66,3930"
"Tip panela",radio,0,1,5,"IPS|VA|TN|OLED|Mini-LED","66,3930"
"Operativni sistem",dropdown,1,1,6,"Windows 11|Windows 10|macOS|Linux|Bez OS-a|Windows Server","66,65,3921,3950"
"Snaga napajanja (W)",dropdown,0,1,2,"Do 450W|500-650W|700-850W|1000-1200W|1200W+","3939,65"
"Certifikat efikasnosti",dropdown,0,1,3,"80+ White|80+ Bronze|80+ Gold|80+ Platinum|80+ Titanium|Bez certifikata","3939"
"Modularnost",radio,0,1,4,"Potpuno modularno|Polu-modularno|Nije modularno","3939"
"Format kućišta",dropdown,0,1,2,"Full Tower|Mid Tower|Mini Tower|SFF|HTPC|Rackmount","3940,3950,3952"
"Hlađenje",radio,0,1,2,"Zračno|Vodeno AIO|Custom Loop","3941"
"Radijator / Ventilator",dropdown,0,1,3,"120 mm|140 mm|240 mm|280 mm|360 mm|420 mm","3941"
"Slova na tastaturi",dropdown,0,1,2,"YU / BS|US|DE|UK|Ostalo","1769,1768,66"
"Tip tastature",radio,0,1,3,"Mehanička|Membranska|Optička","1769,1768"
"Veličina tastature",dropdown,0,1,4,"Full Size 100%|TKL|60% - 65%|75%","1769,1768"
"Vrsta svičeva",dropdown,0,1,5,"Plavi - Clicky|Crveni - Linear|Smeđi - Tactile|Crni|Srebrni|Optički","1769,1768"
"Povezivanje periferije",radio,0,1,2,"Žičano|Bežično Dongle|Bluetooth|Tri-mode","1769,1768,1767,1763,1755,1759,1761"
"DPI miša",dropdown,0,1,3,"Do 1000|1000-4000|4000-12000|16000-20000|20000+","1763,1769"
"Senzor miša",radio,0,1,4,"Optički|Laserski","1763,1769"
"Tip zvuka slušalice",radio,0,1,2,"Stereo|7.1 Virtual|7.1 Pravi","1767"
"Mikrofon",radio,0,1,3,"Fiksni|Odvojivi|Uvlačiv|Nema","1767"
"Tip mrežnog uređaja",dropdown,0,1,1,"Router|Modem/Router|4G/5G Router|Switch|Access Point|Mrežna kartica","3945,3946,3947,3948"
"Wi-Fi Standard",dropdown,0,1,2,"Wi-Fi 4 (N)|Wi-Fi 5 (AC)|Wi-Fi 6 (AX)|Wi-Fi 6E|Wi-Fi 7 (BE)|Nema","3945,3948,3947,66,3937"
"Brzina LAN-a",radio,0,1,3,"10/100 Mbps|1000 Mbps|2.5 Gbps|10 Gbps","3945,3946,3948,3949,3937"
"Broj portova",dropdown,0,1,4,"4-5|8|16|24|48|48+","3945,3946"
"PoE podrška",radio,0,1,5,"Da|Ne","3946,3948"
"Licenca softvera",radio,1,1,1,"Trajna|Godišnja|Mjesečna","3921,3922,3923"
"Isporuka softvera",radio,0,1,2,"Digitalni ključ|Retail kutija","3921,3922,3923"
"Namjena servera",dropdown,0,1,1,"Storage|Web hosting|Virtualizacija|Baza podataka|Render farma","3950"
"Forma servera",dropdown,0,1,2,"1U|2U|4U|Blade|Tower","3950,3952"
"Broj procesora",radio,0,1,3,"1 CPU|2 CPU|4 CPU","3950,3937"
"Redundantno napajanje",radio,0,1,4,"Da|Ne","3950,3939"
"Kapacitet UPS-a",textbox,0,1,2,"","1771"
"Topologija UPS-a",dropdown,0,1,3,"Offline|Line-Interactive|Online","1771"
"Rezolucija webcam",radio,0,1,2,"720p|1080p|2K / 4K","1774"
"Veličina torbe",dropdown,0,1,2,"Do 13.3|14 - 15.6|17.3|18+","1770"
"Operativni sistem mobitela",dropdown,0,1,4,"Android|iOS|HarmonyOS|Obični telefon","77,78,3231,3232,3211,3212,3215"
"Veličina ekrana mobitela",dropdown,0,1,5,"< 4.0|4.0 - 4.9|5.0 - 5.9|6.0 - 6.4|6.5 - 6.9|7.0 - 7.9|8.0 - 9.9|10.0 - 12.9|13.0+","77,78,3216,83,3211,3212,3215,3219"
"Interna memorija",dropdown,1,1,2,"16 GB|32 GB|64 GB|128 GB|256 GB|512 GB|1 TB|2 TB","77,78,82,83"
"RAM memorija mobitela",dropdown,0,1,3,"2 GB|3 GB|4 GB|6 GB|8 GB|12 GB|16 GB|16 GB+","77,78"
"SIM Slot",radio,0,1,4,"Single SIM|Dual SIM|Dual SIM + eSIM|eSIM Only","77"
"Mreža",dropdown,0,1,5,"5G|4G LTE|3G|Samo Wi-Fi","77,78"
"Kapacitet baterije",dropdown,0,1,6,"< 3000 mAh|3000-4000 mAh|4000-5000 mAh|5000 mAh+","77,78,1750,1739,1998,2040,3196"
"Zdravlje baterije",dropdown,0,1,7,"Nova 100%|Odlična 90-99%|Dobra 80-89%|Servis <80%","77,78,3204"
"Tip ekrana",radio,0,1,8,"OLED / AMOLED|IPS LCD|TFT|E-Ink","77,78,83,3211,3212,3213"
"Osvježavanje ekrana",dropdown,0,1,9,"60 Hz|90 Hz|120 Hz|144 Hz+","77,78"
"Glavna kamera",dropdown,0,1,10,"Do 12 MP|13 - 24 MP|48 MP|50 MP|64 MP|108 MP|200 MP","77,78"
"Otključan (Sim Free)",radio,1,1,3,"Da|Ne|R-Sim","77,3204"
"Boja",dropdown,0,1,6,"Crna|Bijela|Siva|Zlatna|Plava|Zelena|Crvena|Ljubičasta|Ostalo","77,78,79,1736,1742"
"Kompatibilnost sata",radio,0,1,2,"Android i iOS|Samo Android|Samo iOS","79,1736"
"Tip narukvice",dropdown,0,1,3,"Silikonska|Kožna|Metalna|Platnena","79,1736"
"Veličina kućišta",dropdown,0,1,4,"38-41mm|42-45mm|49mm Ultra|46mm+","79,1736"
"Tip konektora",dropdown,0,1,1,"USB-C|Lightning|Micro USB|Bežično Qi / MagSafe","1743,1747,1750,1727,1733,3234,3197,3217"
"Snaga punjenja",dropdown,0,1,2,"5W - 15W|18W - 30W|33W - 65W|65W+","1747,1750,2040,3217"
"Kapacitet Powerbank",dropdown,0,1,1,"Do 5000 mAh|10000 mAh|20000 mAh|30000 mAh+","1750,2040"
"Tip memorijske kartice",dropdown,0,1,1,"MicroSD|SD|Compact Flash|Nano Memory","1744,3228,3198,3201"
"Brzina kartice",dropdown,0,1,3,"Class 10|UHS-I U1|UHS-I U3|UHS-II","1744,3228,3201"
"Tip zaštite ekrana",radio,0,1,1,"Kaljeno staklo|Hidrogel|Mat folija|Privacy","1749,3223"
"Model kompatibilnosti",textbox,0,1,2,"","1741,1742,1746,1749,1739,1745,3223,3235,3237,3206,3229,3202,3196"
"Vrsta futrole",dropdown,0,1,2,"Silikonska|Preklopna|Armor|Bumper|Vodootporna","1742,3237,2303,2011,2285"
"ANC Poništavanje buke",radio,0,1,2,"Da|Ne","1729,1730,1737,1748,2389"
"Tip olovke",radio,0,1,1,"Aktivna|Pasivna|Samsung S-Pen|Apple Pencil","1745,3229,3202"